TradeID,DBVersion,Appid,Channel,UID,ServerID,RoleName,ItemPrice,OriPrice,OriDoller,GamePoint,CreateDate
A_AGS1484858339_1246313_A1EE5E,3,AGS,iOS,1246313,NULL,1246313_1000,300,300,TWD,225,2017/1/19 20:38
A_AGS1484858430_1246313_0CE3D2,3,AGS,iOS,1246313,NULL,1246313_1000,590,590,TWD,460,2017/1/19 20:40
A_AGS1484858453_1246313_8E48D6,3,AGS,iOS,1246313,NULL,1246313_1000,150,150,TWD,110,2017/1/19 20:40
A_AGS1484858509_1246772_FDDE06,3,AGS,iOS,1246772,NULL,1246772_1000,2990,2990,TWD,2550,2017/1/19 20:41
A_AGS1484859574_1246832_406B44,3,AGS,iOS,1246832,NULL,1246832_1000,2990,2990,TWD,2550,2017/1/19 20:59
A_AGS1484859641_1246325_44BBCB,3,AGS,,1246325,NULL,1246325_1000,890,890,TWD,710,2017/1/19 21:00
A_AGS1484859660_1246985_7F51FE,3,AGS,iOS,1246985,NULL,1246985_1000,890,890,TWD,710,2017/1/19 21:01
A_AGS1484860468_1246786_26703E,3,AGS,iOS,1246786,NULL,1246786_1000,300,300,TWD,225,2017/1/19 21:14
A_AGS1484860520_1246786_648D0C,3,AGS,iOS,1246786,NULL,1246786_1000,890,890,TWD,710,2017/1/19 21:15
A_AGS1484861188_1247674_ED753F,3,AGS,iOS,1247674,NULL,1247674_1000,150,150,TWD,110,2017/1/19 21:26
A_AGS1484861445_1247900_7B4CD2,3,AGS,iOS,1247900,NULL,1247900_1000,590,590,TWD,460,2017/1/19 21:30
A_AGS1484861539_1247900_B47842,3,AGS,,1247900,NULL,1247900_1000,590,590,TWD,460,2017/1/19 21:32
A_AGS1484861967_1247606_019261,3,AGS,iOS,1247606,NULL,1247606_1000,890,890,TWD,710,2017/1/19 21:39
A_AGS1484862113_1248281_C101FA,3,AGS,iOS,1248281,NULL,1248281_1000,590,590,TWD,460,2017/1/19 21:41
A_AGS1484862238_1246441_45DA78,3,AGS,iOS,1246441,NULL,1246441_1000,890,,TWD,710,2017/1/19 21:43
A_AGS1484862262_1248281_972C3A,3,AGS,iOS,1248281,NULL,1248281_1000,890,890,TWD,710,2017/1/19 21:44
A_AGS1484862489_1248209_D7CE2D,3,AGS,iOS,1248209,NULL,1248209_1000,1790,1790,TWD,1475,2017/1/19 21:48
A_AGS1484862623_1247490_1B9402,3,AGS,iOS,1247490,NULL,1247490_1000,890,890,TWD,710,2017/1/19 21:50
A_AGS1484862727_1247607_30BCED,3,AGS,iOS,1247607,NULL,1247607_1000,590,590,TWD,460,2017/1/19 21:52
A_AGS1484862812_1247607_2B84D1,3,AGS,iOS,1247607,NULL,1247607_1000,590,,TWD,460,2017/1/19 21:53
A_AGS1484863123_1247228_77CC3C,3,AGS,iOS,1247228,NULL,1247228_1000,890,890,TWD,710,2017/1/19 21:58
A_AGS1484863601_1247911_BC7ADE,3,AGS,iOS,1247911,NULL,1247911_1000,890,890,TWD,710,2017/1/19 22:06
A_AGS1484863804_1249604_32184A,3,AGS,iOS,1249604,NULL,1249604_1000,890,890,TWD,710,2017/1/19 22:10
A_AGS1484863913_1249235_322DE5,3,AGS,,1249235,NULL,1249235_1000,2990,2990,TWD,2550,2017/1/19 22:11
A_AGS1484863913_1249734_51FD21,3,AGS,iOS,1249734,NULL,1249734_1000,590,590,TWD,460,2017/1/19 22:11
A_AGS1484863959_1249734_F7EA3E,3,AGS,iOS,1249734,NULL,1249734_1000,590,590,TWD,460,2017/1/19 22:12
A_AGS1484863968_1247765_27D09E,3,AGS,iOS,1247765,NULL,1247765_1000,890,890,TWD,710,2017/1/19 22:12
A_AGS1484864005_1247303_3CD6EC,,AGS,,1247303,NULL,1247303_1000,1790,1790,TWD,1475,2017/1/19 22:13
A_AGS1484864227_1249633_8D1AAA,3,AGS,iOS,1249633,NULL,1249633_1000,150,150,TWD,110,
A_AGS1484864349_1246613_D7BB71,3,AGS,iOS,1246613,NULL,1246613_1000,,890,TWD,710,2017/1/19 22:19
A_AGS1484864362_1249296_844E75,3,AGS,iOS,1249296,NULL,1249296_1000,890,890,TWD,710,2017/1/19 22:19
A_AGS1484864368_1247276_EEA5D1,3,AGS,iOS,1247276,NULL,1247276_1000,890,890,TWD,710,2017/1/19 22:19
A_AGS1484864437_1247895_778A70,3,AGS,iOS,1247895,NULL,1247895_1000,150,150,TWD,110,2017/1/19 22:20
A_AGS1484864440_1249613_778A50,3,AGS,iOS,1249613,NULL,1249613_1000,150,150,TWD,110,2017/1/19 22:20
A_AGS1484864840_1190136_5EA242,3,AGS,iOS,1190136,NULL,1190136_1000,890,890,TWD,710,2017/1/19 22:27
A_AGS1484865305_1190136_5700B3,3,AGS,iOS,1190136,NULL,1190136_1000,300,300,TWD,225,2017/1/19 22:35
A_AGS1484865533_1250552_8A5FFE,3,AGS,iOS,1250552,NULL,1250552_1000,890,890,TWD,710,2017/1/19 22:38
A_AGS1484865634_1249672_1C9846,3,AGS,iOS,1249672,NULL,1249672_1000,890,890,TWD,710,2017/1/19 22:40
A_AGS1484865905_1247783_E572EB,3,AGS,iOS,1247783,NULL,1247783_1000,890,890,,710,2017/1/19 22:45
A_AGS1484866077_1247856_637C49,3,AGS,iOS,1247856,NULL,1247856_1000,300,300,TWD,225,2017/1/19 22:47
A_AGS1484866211_1249420_FB0E64,3,AGS,iOS,1249420,NULL,1249420_1000,150,150,TWD,110,2017/1/19 22:50
A_AGS1484866228_1247856_A1E1FC,3,AGS,iOS,1247856,NULL,1247856_1000,590,590,TWD,460,2017/1/19 22:50
A_AGS1484866251_1247856_B65A45,3,AGS,iOS,1247856,NULL,1247856_1000,150,150,TWD,110,2017/1/19 22:50
A_AGS1484866526_1250764_5D7732,3,AGS,iOS,1250764,NULL,1250764_1000,590,590,TWD,460,2017/1/19 22:55
A_AGS1484866609_1246772_407428,3,AGS,iOS,1246772,NULL,1246772_1000,2990,2990,TWD,2550,2017/1/19 22:56
A_AGS1484866647_1250764_CDB775,3,AGS,iOS,1250764,NULL,1250764_1000,,,TWD,225,2017/1/19 22:57
A_AGS1484866672_1250764_BB107B,3,AGS,iOS,1250764,NULL,1250764_1000,150,150,TWD,110,2017/1/19 22:57
A_AGS1484866718_1249420_353C20,3,AGS,iOS,1249420,NULL,1249420_1000,890,890,TWD,710,2017/1/19 22:58
A_AGS1484866768_1249676_3FAC7B,3,AGS,iOS,1249676,NULL,1249676_1000,890,890,TWD,710,2017/1/19 22:59
A_AGS1484867112_1251783_E7A017,3,AGS,iOS,1251783,NULL,1251783_1000,890,890,TWD,710,2017/1/19 23:05
A_AGS1484867199_1250955_4677E6,3,AGS,iOS,1250955,NULL,1250955_1000,890,890,TWD,710,2017/1/19 23:06
A_AGS1484867210_1251629_A0AEC0,3,AGS,iOS,1251629,NULL,1251629_1000,2990,2990,TWD,2550,2017/1/19 23:06
A_AGS1484867307_1251064_05F25E,3,AGS,iOS,1251064,NULL,1251064_1000,890,,TWD,710,2017/1/19 23:08
A_AGS1484867376_1249361_A7051E,3,AGS,iOS,,NULL,1249361_1000,590,590,TWD,460,2017/1/19 23:09
A_AGS1484867453_1251064_58B2BD,3,AGS,iOS,1251064,NULL,1251064_1000,590,590,TWD,460,
A_AGS1484867519_1249361_61D339,3,AGS,iOS,1249361,NULL,1249361_1000,890,890,TWD,710,2017/1/19 23:11
A_AGS1484868127_1251770_7F9077,3,AGS,iOS,1251770,NULL,1251770_1000,890,890,TWD,710,2017/1/19 23:22
A_AGS1484868306_1248549_31FB98,3,AGS,iOS,1248549,NULL,1248549_1000,890,890,TWD,710,2017/1/19 23:25
A_AGS1484868448_1248689_605AF0,3,AGS,iOS,1248689,NULL,1248689_1000,2990,2990,TWD,2550,2017/1/19 23:27
A_AGS1484869107_1250486_590E8B,3,AGS,iOS,1250486,NULL,1250486_1000,300,300,TWD,225,2017/1/19 23:38
A_AGS1484869156_1254206_F8C637,3,AGS,iOS,1254206,NULL,1254206_1000,300,300,TWD,225,2017/1/19 23:39
A_AGS1484869449_1255317_CC29EC,3,AGS,iOS,1255317,NULL,1255317_1000,890,890,TWD,710,2017/1/19 23:44
A_AGS1484869769_1178270_074F7C,3,AGS,iOS,1178270,NULL,1178270_1000,890,890,TWD,710,2017/1/19 23:49
A_AGS1484869837_1254206_5DD9AF,3,AGS,iOS,1254206,NULL,1254206_1000,590,590,TWD,460,2017/1/19 23:50
A_AGS1484869845_1250931_FA2CBB,3,AGS,iOS,1250931,NULL,1250931_1000,890,890,TWD,710,2017/1/19 23:50
A_AGS1484869875_1254206_89C59F,3,AGS,iOS,1254206,NULL,1254206_1000,150,150,TWD,110,2017/1/19 23:51
A_AGS1484870028_1249655_3C9C85,3,AGS,iOS,1249655,NULL,1249655_1000,300,300,TWD,225,2017/1/19 23:53
A_AGS1484870117_1251221_FAC6D0,3,AGS,iOS,1251221,NULL,1251221_1000,890,890,TWD,710,2017/1/19 23:55
A_AGS1484870186_1247915_8F8B34,3,AGS,iOS,1247915,NULL,1247915_1000,890,890,TWD,710,2017/1/19 23:56
A_AGS1484870196_1253892_B1EE3A,3,AGS,iOS,1253892,NULL,1253892_1000,890,890,TWD,710,2017/1/19 23:56
A_AGS1484870842_1253896_0908E8,3,AGS,iOS,1253896,NULL,1253896_1000,890,890,TWD,710,2017/1/20 00:07
A_AGS1484870883_1248334_ACB98A,3,AGS,iOS,1248334,NULL,1248334_1000,890,890,TWD,710,2017/1/20 00:08
A_AGS1484871610_1250764_506B89,3,AGS,iOS,1250764,NULL,1250764_1000,150,150,TWD,110,2017/1/20 00:20
A_AGS1484871764_1257331_A4D0EC,3,AGS,iOS,1257331,,1257331_1000,590,590,TWD,460,2017/1/20 00:22
A_AGS1484871818_1260806_42573C,3,AGS,iOS,1260806,NULL,1260806_1000,,590,TWD,460,2017/1/20 00:23
A_AGS1484871876_1257331_1F0FC0,3,AGS,iOS,1257331,NULL,1257331_1000,590,590,TWD,460,2017/1/20 00:24
A_AGS1484871897_1260806_1E9E98,3,AGS,iOS,1260806,NULL,1260806_1000,890,890,TWD,710,2017/1/20 00:24
A_AGS1484872036_1251621_EBF58D,3,AGS,iOS,1251621,NULL,1251621_1000,2990,2990,TWD,2550,2017/1/20 00:27
A_AGS1484872053_1260219_568F2F,3,AGS,iOS,1260219,NULL,1260219_1000,890,890,TWD,710,2017/1/20 00:27
A_AGS1484872193_1246472_B1288E,3,AGS,iOS,1246472,NULL,1246472_1000,890,890,TWD,710,2017/1/20 00:29
A_AGS1484872288_1246926_252EEB,3,AGS,iOS,1246926,NULL,1246926_1000,890,890,TWD,710,2017/1/20 00:31
A_AGS1484872291_1247213_A6150B,3,AGS,iOS,1247213,NULL,1247213_1000,590,590,TWD,460,2017/1/20 00:31
A_AGS1484872324_1250893_F18515,3,AGS,iOS,1250893,NULL,1250893_1000,890,890,TWD,710,2017/1/20 00:32
A_AGS1484872335_1247213_DD4D5A,3,AGS,iOS,1247213,NULL,1247213_1000,590,590,TWD,460,2017/1/20 00:32
A_AGS1484872453_1181600_89B8CE,3,AGS,iOS,1181600,NULL,1181600_1000,890,890,TWD,710,2017/1/20 00:34
A_AGS1484872543_1262538_03E07C,3,AGS,iOS,1262538,NULL,1262538_1000,890,890,TWD,710,2017/1/20 00:35
A_AGS1484872672_1249286_C43D1A,3,AGS,iOS,1249286,NULL,1249286_1000,890,890,TWD,710,2017/1/20 00:37
A_AGS1484873164_1247629_616299,3,AGS,iOS,1247629,NULL,1247629_1000,890,890,TWD,710,2017/1/20 00:46
A_AGS1484873181_1251354_ECA039,3,AGS,iOS,1251354,NULL,1251354_1000,890,890,TWD,710,2017/1/20 00:46
A_AGS1484873324_1250930_BBDE89,3,AGS,iOS,1250930,NULL,1250930_1000,150,150,TWD,110,2017/1/20 00:48
A_AGS1484873501_1246833_908FBC,3,AGS,iOS,1246833,NULL,1246833_1000,890,890,,710,2017/1/20 00:51
A_AGS1484873520_1259952_D7BB0C,3,AGS,iOS,1259952,NULL,1259952_1000,2990,2990,TWD,2550,2017/1/20 00:52
A_AGS1484873689_1180453_E9DBB4,3,AGS,iOS,1180453,NULL,1180453_1000,890,890,TWD,710,2017/1/20 00:54
A_AGS1484874039_1246416_A91173,3,AGS,iOS,1246416,NULL,1246416_1000,890,890,TWD,710,2017/1/20 01:00
A_AGS1484874048_1247009_689CD8,3,AGS,iOS,1247009,NULL,1247009_1000,150,150,TWD,110,2017/1/20 01:00
A_AGS1484874254_1248381_D20141,3,AGS,iOS,1248381,NULL,1248381_1000,890,890,TWD,710,2017/1/20 01:04
A_AGS1484874349_1255977_C88409,3,AGS,iOS,1255977,NULL,1255977_1000,890,890,TWD,710,2017/1/20 01:05
A_AGS1484874382_1189255_BA0773,3,AGS,iOS,1189255,NULL,1189255_1000,2990,2990,TWD,2550,2017/1/20 01:06
A_AGS1484874725_1266272_0937AC,3,AGS,iOS,1266272,NULL,1266272_1000,890,890,TWD,710,2017/1/20 01:12
A_AGS1484874964_1266679_80EAEE,3,AGS,iOS,1266679,NULL,1266679_1000,890,890,TWD,710,2017/1/20 01:16
A_AGS1484875508_1266272_62462E,3,AGS,iOS,1266272,NULL,1266272_1000,2990,2990,TWD,2550,
A_AGS1484875590_1250843_6BF1E2,3,AGS,iOS,1250843,NULL,1250843_1000,150,150,,110,2017/1/20 01:26
A_AGS1484876080_1253892_D47D1D,3,AGS,iOS,1253892,NULL,1253892_1000,890,890,TWD,710,2017/1/20 01:34
A_AGS1484876183_1267831_FDECE1,3,AGS,iOS,1267831,,1267831_1000,890,890,TWD,710,2017/1/20 01:36
A_AGS1484876517_1264146_8DDACD,3,AGS,iOS,1264146,NULL,1264146_1000,300,300,TWD,225,2017/1/20 01:41
A_AGS1484876629_1267831_489040,3,AGS,iOS,1267831,NULL,1267831_1000,890,890,TWD,710,2017/1/20 01:43
A_AGS1484876799_1251064_6CF171,3,AGS,iOS,1251064,NULL,1251064_1000,1790,1790,TWD,1475,2017/1/20 01:46
A_AGS1484877078_1254679_C31C58,3,AGS,iOS,1254679,NULL,1254679_1000,890,890,TWD,710,2017/1/20 01:51
A_AGS1484877133_1264872_3624B0,3,AGS,iOS,1264872,NULL,1264872_1000,890,890,TWD,710,2017/1/20 01:52
A_AGS1484877208_1264146_68ACF9,3,AGS,iOS,1264146,NULL,1264146_1000,890,890,TWD,710,2017/1/20 01:53
A_AGS1484877398_1255359_7317E0,3,AGS,iOS,1255359,NULL,1255359_1000,890,890,TWD,710,2017/1/20 01:56
A_AGS1484877430_1253892_5AE859,3,AGS,iOS,1253892,NULL,1253892_1000,890,890,TWD,710,2017/1/20 01:57
A_AGS1484877606_1254679_ED0C12,3,AGS,iOS,1254679,NULL,1254679_1000,300,300,TWD,225,2017/1/20 02:00
A_AGS1484877698_1268278_347D2A,3,AGS,iOS,1268278,NULL,1268278_1000,890,890,TWD,710,2017/1/20 02:01
A_AGS1484877750_1267869_8CF5C8,3,AGS,iOS,1267869,NULL,1267869_1000,300,300,TWD,225,2017/1/20 02:02
A_AGS1484878170_1268351_84E38D,3,AGS,iOS,1268351,NULL,1268351_1000,2990,2990,TWD,2550,2017/1/20 02:09
A_AGS1484878378_1268517_9A5D3A,3,AGS,iOS,1268517,NULL,1268517_1000,890,890,TWD,710,2017/1/20 02:12
A_AGS1484878396_1268351_52C55A,3,AGS,iOS,1268351,NULL,1268351_1000,2990,2990,TWD,2550,2017/1/20 02:13
A_AGS1484878535_1246055_F2CAE3,3,AGS,iOS,1246055,NULL,1246055_1000,890,890,TWD,710,2017/1/20 02:15
A_AGS1484879160_1268773_56552B,3,AGS,iOS,1268773,NULL,1268773_1000,890,890,TWD,710,2017/1/20 02:26
A_AGS1484879175_1248347_FA9E90,3,AGS,iOS,1248347,NULL,1248347_1000,890,890,TWD,710,2017/1/20 02:26
A_AGS1484879183_1268048_D4AD36,3,AGS,iOS,1268048,NULL,1268048_1000,890,890,TWD,710,2017/1/20 02:26
A_AGS1484879357_1268229_94DF5E,3,AGS,iOS,1268229,NULL,1268229_1000,150,150,TWD,110,2017/1/20 02:29
A_AGS1484879632_1247134_5B9885,3,AGS,iOS,1247134,NULL,1247134_1000,150,150,TWD,110,2017/1/20 02:33
A_AGS1484880125_1249235_B48D4D,3,AGS,iOS,1249235,NULL,1249235_1000,2990,2990,TWD,2550,2017/1/20 02:42
A_AGS1484881586_1249235_A0E23A,3,AGS,iOS,1249235,NULL,1249235_1000,590,590,TWD,460,2017/1/20 03:06
A_AGS1484881603_1249235_2B612B,3,AGS,iOS,1249235,NULL,1249235_1000,150,150,TWD,110,2017/1/20 03:06
A_AGS1484881639_1265341_F71D18,3,AGS,iOS,1265341,NULL,1265341_1000,1790,1790,TWD,1475,2017/1/20 03:07
A_AGS1484882945_1259980_457AD2,3,AGS,iOS,1259980,NULL,1259980_1000,890,890,TWD,710,2017/1/20 03:29
A_AGS1484883482_1261402_A57FF4,3,AGS,,1261402,NULL,1261402_1000,150,150,TWD,110,2017/1/20 03:38
A_AGS1484883513_1269365_6BE50A,3,AGS,iOS,1269365,NULL,1269365_1000,890,890,TWD,710,2017/1/20 03:38
A_AGS1484884848_1253135_314EE7,3,AGS,iOS,1253135,NULL,1253135_1000,890,,TWD,710,2017/1/20 04:00
A_AGS1484897154_1258142_E21924,3,,iOS,1258142,1,1258142_1000,890,890,TWD,710,2017/1/20 07:25
A_AGS1484897241_1254116_5B7A89,3,AGS,iOS,1254116,NULL,1254116_1000,890,890,TWD,710,2017/1/20 07:27
A_AGS1484897264_1246521_F067C4,3,AGS,iOS,1246521,NULL,1246521_1000,890,890,TWD,710,
A_AGS1484897648_1267349_287F3F,3,AGS,iOS,1267349,NULL,1267349_1000,,890,TWD,710,2017/1/20 07:34
A_AGS1484898245_1269920_8E487C,3,AGS,iOS,1269920,NULL,1269920_1000,890,890,TWD,710,2017/1/20 07:44
A_AGS1484899278_1271089_003625,3,AGS,iOS,1271089,NULL,1271089_1000,300,300,TWD,225,2017/1/20 08:01
A_AGS1484899287_1247559_97760D,3,AGS,iOS,1247559,1,1247559_1000,1790,1790,TWD,1475,2017/1/20 08:01
A_AGS1484899304_1250486_414613,3,AGS,,1250486,NULL,1250486_1000,2990,2990,TWD,2550,2017/1/20 08:01
A_AGS1484899462_1271533_C413CE,3,AGS,iOS,1271533,NULL,1271533_1000,150,150,TWD,110,2017/1/20 08:04
A_AGS1484899534_1268714_1228B9,3,AGS,iOS,1268714,NULL,1268714_1000,890,890,TWD,710,2017/1/20 08:05
A_AGS1484899581_1267471_55B4C0,3,AGS,iOS,1267471,NULL,1267471_1000,890,890,TWD,710,2017/1/20 08:06
A_AGS1484899823_1209193_87A4A0,3,AGS,iOS,1209193,NULL,1209193_1000,890,890,TWD,710,2017/1/20 08:10
A_AGS1484900029_1270859_BED737,3,AGS,iOS,1270859,NULL,1270859_1000,890,890,TWD,710,2017/1/20 08:13
A_AGS1484900115_1214448_E1917E,3,AGS,iOS,1214448,NULL,1214448_1000,890,890,TWD,710,2017/1/20 08:15
A_AGS1484900160_1247807_7FB16A,3,AGS,iOS,1247807,NULL,1247807_1000,890,890,TWD,710,2017/1/20 08:16
A_AGS1484900294_1195956_BCCEEE,3,AGS,iOS,1195956,2,1195956_1000,150,150,TWD,110,2017/1/20 08:18
A_AGS1484900346_1254947_0D0B48,3,AGS,iOS,1254947,NULL,1254947_1000,2990,2990,TWD,2550,2017/1/20 08:19
A_AGS1484900476_1271744_280807,3,AGS,iOS,1271744,NULL,1271744_1000,890,890,TWD,710,2017/1/20 08:21
A_AGS1484900651_1271744_2B26D9,3,AGS,iOS,1271744,NULL,1271744_1000,1790,1790,TWD,1475,2017/1/20 08:24
A_AGS1484901890_1259164_2FF904,3,AGS,iOS,1259164,2,1259164_1000,890,890,TWD,710,2017/1/20 08:44
A_AGS1484902807_1272423_C06633,3,AGS,iOS,1272423,NULL,1272423_1000,890,890,TWD,710,2017/1/20 09:00
A_AGS1484903104_1272463_29FBF5,3,AGS,iOS,1272463,NULL,1272463_1000,890,890,TWD,710,2017/1/20 09:05
A_AGS1484903151_1262312_082955,3,AGS,iOS,1262312,NULL,1262312_1000,300,300,TWD,225,2017/1/20 09:05
A_AGS1484903212_1253807_F8C588,3,AGS,iOS,1253807,NULL,1253807_1000,890,890,TWD,710,2017/1/20 09:06
A_AGS1484903406_1253704_B36377,3,AGS,iOS,1253704,NULL,,890,890,TWD,710,2017/1/20 09:10
A_AGS1484903650_1264181_8CB260,3,AGS,iOS,1264181,NULL,1264181_1000,890,890,TWD,710,2017/1/20 09:14
A_AGS1484903691_1252966_0B3FEC,3,AGS,iOS,1252966,NULL,1252966_1000,890,890,,710,2017/1/20 09:14
A_AGS1484904064_1203278_BD7F3C,3,AGS,iOS,1203278,NULL,1203278_1000,890,890,TWD,710,2017/1/20 09:21
A_AGS1484904337_1246629_BCBD07,,AGS,iOS,1246629,NULL,1246629_1000,890,890,TWD,710,2017/1/20 09:25
A_AGS1484906369_1271848_107143,3,AGS,iOS,1271848,NULL,1271848_1000,890,890,TWD,710,2017/1/20 09:59
A_AGS1484906934_1271284_45CB9F,3,AGS,iOS,1271284,NULL,1271284_1000,890,890,TWD,710,2017/1/20 10:08
A_AGS1484907044_1248653_93E5B0,3,AGS,iOS,1248653,NULL,1248653_1000,1790,1790,TWD,1475,2017/1/20 10:10
A_AGS1484908450_1246370_A9B1DE,3,AGS,iOS,1246370,NULL,1246370_1000,890,890,TWD,710,2017/1/20 10:34
A_AGS1484908785_1273931_A362E0,3,AGS,iOS,1273931,NULL,1273931_1000,150,150,TWD,110,2017/1/20 10:39
A_AGS1484908942_1272463_B75DE7,3,AGS,iOS,1272463,NULL,1272463_1000,2990,2990,TWD,2550,2017/1/20 10:42
A_AGS1484910988_1247607_AE378F,3,AGS,iOS,1247607,NULL,1247607_1000,300,300,TWD,225,2017/1/20 11:16
A_AGS1484911278_1247134_4BADE3,3,AGS,iOS,1247134,NULL,1247134_1000,590,590,TWD,460,2017/1/20 11:21
A_AGS1484911302_1247134_4A1CBC,3,AGS,iOS,1247134,NULL,1247134_1000,590,590,TWD,460,2017/1/20 11:21
A_AGS1484911423_1274732_DB4FE4,3,AGS,iOS,1274732,NULL,1274732_1000,2990,2990,TWD,2550,2017/1/20 11:23
A_AGS1484911957_1251216_26111E,3,AGS,iOS,1251216,NULL,1251216_1000,890,890,TWD,710,2017/1/20 11:32
A_AGS1484912438_1248432_45E9B0,3,AGS,iOS,1248432,NULL,1248432_1000,890,890,TWD,710,2017/1/20 11:40
A_AGS1484912874_1274458_A7A06F,3,AGS,iOS,1274458,NULL,1274458_1000,300,300,TWD,225,2017/1/20 11:47
A_AGS1484913306_1247575_BF4C4F,3,AGS,iOS,1247575,NULL,1247575_1000,2990,2990,TWD,2550,2017/1/20 11:55
A_AGS1484913311_1246985_38B105,3,AGS,iOS,1246985,NULL,1246985_1000,1790,1790,TWD,1475,2017/1/20 11:55
A_AGS1484914587_1251683_AA77B4,3,AGS,iOS,1251683,NULL,1251683_1000,590,590,TWD,0,2017/1/20 12:16
A_AGS1484914891_1249247_78E846,3,AGS,iOS,1249247,NULL,1249247_1000,2990,2990,TWD,2550,2017/1/20 12:21
A_AGS1484914947_1246386_6297E0,3,AGS,iOS,1246386,NULL,1246386_1000,890,890,TWD,710,2017/1/20 12:22
A_AGS1484915401_1276163_20DB50,3,AGS,iOS,1276163,NULL,1276163_1000,590,590,TWD,0,2017/1/20 12:30
A_AGS1484915429_1274958_ABD0B7,3,AGS,iOS,1274958,NULL,1274958_1000,590,590,,0,2017/1/20 12:30
A_AGS1484915565_1274958_B517D0,3,AGS,iOS,1274958,NULL,1274958_1000,590,590,TWD,0,2017/1/20 12:32
A_AGS1484915810_1249235_25DD50,3,AGS,iOS,1249235,NULL,1249235_1000,590,590,TWD,0,2017/1/20 12:36
A_AGS1484915968_1249235_CB89C7,3,AGS,iOS,1249235,NULL,1249235_1000,590,590,TWD,460,
A_AGS1484916010_1261968_59BD61,3,AGS,iOS,1261968,NULL,1261968_1000,2990,,TWD,2550,2017/1/20 12:40
A_AGS1484916286_1271061_D02AE8,3,AGS,iOS,1271061,,1271061_1000,590,590,TWD,0,2017/1/20 12:44
A_AGS1484916541_1276462_400D29,3,AGS,iOS,1276462,NULL,1276462_1000,590,590,TWD,0,2017/1/20 12:49
A_AGS1484916610_1276462_E0410A,3,AGS,iOS,1276462,NULL,1276462_1000,590,590,TWD,0,2017/1/20 12:50
A_AGS1484917470_1258826_DD7D8D,3,AGS,iOS,1258826,NULL,1258826_1000,890,890,TWD,710,2017/1/20 13:04
A_AGS1484917608_1247004_C6FFA5,3,AGS,iOS,1247004,NULL,1247004_1000,890,890,TWD,710,2017/1/20 13:06
A_AGS1484917686_1270805_9B1169,3,AGS,iOS,1270805,NULL,1270805_1000,590,590,TWD,0,2017/1/20 13:08
A_AGS1484917817_1197578_100D58,3,AGS,iOS,1197578,NULL,1197578_1000,890,890,TWD,710,2017/1/20 13:10
A_AGS1484917894_1260597_2EC150,3,AGS,iOS,1260597,,1260597_1000,890,890,TWD,710,2017/1/20 13:11
A_AGS1484917932_1270805_EFFE87,3,AGS,iOS,1270805,NULL,1270805_1000,590,590,TWD,0,2017/1/20 13:12
A_AGS1484917943_1254679_BC4D4A,3,AGS,iOS,1254679,NULL,1254679_1000,590,590,TWD,0,2017/1/20 13:12
A_AGS1484917976_1273967_590786,3,AGS,iOS,1273967,NULL,1273967_1000,890,890,TWD,710,2017/1/20 13:12
A_AGS1484918418_1246449_CFC5F1,3,AGS,iOS,1246449,NULL,1246449_1000,590,590,TWD,0,2017/1/20 13:20
A_AGS1484918423_1269689_75B4FE,3,AGS,iOS,1269689,NULL,1269689_1000,590,590,TWD,0,2017/1/20 13:20
A_AGS1484918452_1210224_DF7CFA,3,AGS,iOS,1210224,NULL,1210224_1000,890,890,TWD,710,2017/1/20 13:20
A_AGS1484918462_1246449_4CDE0E,3,AGS,iOS,1246449,NULL,1246449_1000,300,300,TWD,225,2017/1/20 13:21
A_AGS1484918499_1246449_F58CEE,3,AGS,iOS,1246449,NULL,1246449_1000,150,150,TWD,110,2017/1/20 13:21
A_AGS1484918551_1269689_89D713,3,AGS,iOS,1269689,NULL,1269689_1000,300,300,TWD,225,2017/1/20 13:22
A_AGS1484918586_1269689_9B1E70,3,AGS,iOS,1269689,NULL,1269689_1000,,150,TWD,110,2017/1/20 13:23
A_AGS1484918695_1249190_7636BB,3,AGS,iOS,1249190,,1249190_1000,590,590,TWD,0,2017/1/20 13:24
A_AGS1484918786_1249190_12A5B6,3,AGS,iOS,1249190,NULL,1249190_1000,300,300,TWD,225,2017/1/20 13:26
A_AGS1484918819_1249190_E942DE,3,AGS,iOS,1249190,NULL,1249190_1000,150,150,TWD,110,2017/1/20 13:26
A_AGS1484918874_1246442_FF07EF,3,AGS,iOS,1246442,NULL,1246442_1000,590,590,TWD,0,2017/1/20 13:27
A_AGS1484918924_1246442_6A1731,3,AGS,iOS,1246442,NULL,1246442_1000,590,590,TWD,0,2017/1/20 13:28
A_AGS1484918969_1268517_FDABC2,3,AGS,iOS,1268517,NULL,1268517_1000,590,590,TWD,0,2017/1/20 13:29
A_AGS1484919188_1190136_DF34FB,3,AGS,iOS,1190136,NULL,1190136_1000,590,590,TWD,0,2017/1/20 13:33
A_AGS1484919285_1249361_8A8377,3,AGS,iOS,1249361,NULL,1249361_1000,590,590,TWD,0,2017/1/20 13:34
A_AGS1484919315_1257331_832FEA,3,AGS,iOS,1257331,NULL,1257331_1000,590,590,TWD,0,2017/1/20 13:35
A_AGS1484919473_1269809_08031B,3,AGS,iOS,1269809,NULL,1269809_1000,890,890,TWD,710,2017/1/20 13:37
A_AGS1484919496_1247765_52BB88,3,AGS,iOS,1247765,NULL,1247765_1000,590,590,TWD,0,2017/1/20 13:38
A_AGS1484919515_1246985_47749B,3,AGS,iOS,1246985,NULL,1246985_1000,590,590,TWD,0,2017/1/20 13:38
A_AGS1484919688_1253549_8B4B82,3,AGS,iOS,1253549,NULL,1253549_1000,590,590,TWD,0,2017/1/20 13:41
A_AGS1484919747_1270651_BF16F9,3,AGS,iOS,1270651,NULL,1270651_1000,590,590,TWD,0,2017/1/20 13:42
A_AGS1484919859_1270651_CC5942,3,AGS,iOS,1270651,NULL,1270651_1000,590,590,TWD,460,2017/1/20 13:44
A_AGS1484919986_1247974_AD78D2,3,AGS,iOS,1247974,NULL,1247974_1000,590,590,TWD,0,2017/1/20 13:46
A_AGS1484920101_1253549_AD5E81,3,AGS,iOS,1253549,NULL,1253549_1000,590,590,TWD,0,2017/1/20 13:48
A_AGS1484920131_1247974_7C726B,3,AGS,iOS,1247974,NULL,1247974_1000,890,890,TWD,710,2017/1/20 13:48
A_AGS1484920414_1251683_BC372D,3,AGS,iOS,1251683,NULL,1251683_1000,300,300,TWD,225,2017/1/20 13:53
A_AGS1484920441_1251683_AFE306,3,AGS,iOS,1251683,NULL,1251683_1000,150,150,TWD,110,2017/1/20 13:54
A_AGS1484920570_1270233_DA5FFD,3,AGS,iOS,1270233,NULL,1270233_1000,590,590,TWD,0,2017/1/20 13:56
A_AGS1484920708_1199493_F5C4E3,3,AGS,iOS,1199493,NULL,1199493_1000,590,590,TWD,0,2017/1/20 13:58
A_AGS1484920749_1247276_01091A,3,AGS,iOS,1247276,NULL,1247276_1000,590,590,TWD,0,2017/1/20 13:59
A_AGS1484920860_1190136_31401F,3,AGS,iOS,1190136,NULL,1190136_1000,1790,1790,TWD,1475,2017/1/20 14:01
A_AGS1484920925_1270233_C7CBD7,3,AGS,iOS,1270233,NULL,1270233_1000,1790,1790,TWD,1475,2017/1/20 14:02
A_AGS1484920998_1199493_A4EC96,3,AGS,iOS,1199493,NULL,1199493_1000,300,300,TWD,225,2017/1/20 14:03
A_AGS1484921023_1199493_0A9D45,3,AGS,iOS,1199493,NULL,1199493_1000,150,150,TWD,110,2017/1/20 14:03
A_AGS1484921197_1256883_A81BFE,3,AGS,iOS,1256883,NULL,1256883_1000,590,590,TWD,0,2017/1/20 14:06
A_AGS1484921208_1269809_13E1DD,3,AGS,iOS,1269809,NULL,1269809_1000,590,590,TWD,0,2017/1/20 14:06
A_AGS1484921294_1246645_C239F0,3,AGS,iOS,1246645,NULL,1246645_1000,590,590,TWD,0,2017/1/20 14:08
A_AGS1484921307_1247276_8939EE,3,AGS,iOS,1247276,NULL,1247276_1000,150,150,TWD,110,2017/1/20 14:08
A_AGS1484921315_1256883_863EDB,3,AGS,iOS,1256883,NULL,1256883_1000,590,590,TWD,460,2017/1/20 14:08
A_AGS1484921772_1276918_FE3D12,3,AGS,iOS,1276918,NULL,1276918_1000,890,890,TWD,710,2017/1/20 14:16
A_AGS1484922066_1278243_51FDA3,3,AGS,iOS,1278243,NULL,1278243_1000,590,590,TWD,0,2017/1/20 14:21
A_AGS1484922136_1278435_BE4C77,3,AGS,iOS,1278435,NULL,1278435_1000,590,590,TWD,0,2017/1/20 14:22
A_AGS1484922190_1246472_1D51EC,3,AGS,iOS,1246472,NULL,1246472_1000,590,590,TWD,0,2017/1/20 14:23
A_AGS1484922231_1278243_FE6643,3,AGS,iOS,1278243,NULL,1278243_1000,590,590,TWD,0,2017/1/20 14:23
A_AGS1484922252_1259985_77085B,3,AGS,iOS,1259985,NULL,,890,890,TWD,710,2017/1/20 14:24
A_AGS1484922317_1247276_9293AE,3,AGS,iOS,,NULL,1247276_1000,890,890,TWD,710,2017/1/20 14:25
A_AGS1484922555_1278287_6C14EB,3,AGS,iOS,,NULL,1278287_1000,890,890,TWD,710,2017/1/20 14:29
A_AGS1484922753_1276598_AD3778,3,AGS,iOS,,NULL,1276598_1000,590,590,TWD,0,2017/1/20 14:32
A_AGS1484922829_1276598_D31C96,3,AGS,iOS,,NULL,1276598_1000,300,300,TWD,,2017/1/20 14:33
A_AGS1484922903_1276598_C940CA,3,AGS,iOS,,NULL,1276598_1000,150,150,TWD,110,2017/1/20 14:35
A_AGS1484923088_1268626_F225A5,3,AGS,iOS,,NULL,1268626_1000,590,590,TWD,0,2017/1/20 14:38
A_AGS1484923406_1246629_4E714D,3,AGS,iOS,,NULL,1246629_1000,590,590,TWD,0,2017/1/20 14:43
A_AGS1484923455_1278304_377F4D,3,AGS,iOS,,NULL,1278304_1000,590,590,TWD,460,2017/1/20 14:44
A_AGS1484923559_1278304_115E30,3,AGS,iOS,1278304,NULL,1278304_1000,300,300,TWD,225,2017/1/20 14:46
A_AGS1484923621_1278304_565E65,3,AGS,iOS,1278304,NULL,1278304_1000,150,150,TWD,110,2017/1/20 14:47
A_AGS1484923728_1250947_3A830B,3,AGS,iOS,1250947,NULL,1250947_1000,890,890,TWD,710,2017/1/20 14:48
A_AGS1484924519_1269777_1DB87C,3,AGS,iOS,1269777,NULL,1269777_1000,890,890,TWD,710,
A_AGS1484924756_1267501_526438,3,AGS,,1267501,,1267501_1000,890,890,TWD,710,2017/1/20 15:05
A_AGS1484925057_1267777_F77B37,3,AGS,iOS,1267777,NULL,1267777_1000,890,890,TWD,710,2017/1/20 15:10
A_AGS1484925295_1279480_9016E4,3,AGS,iOS,1279480,NULL,1279480_1000,590,590,TWD,0,2017/1/20 15:14
A_AGS1484925433_1276127_16B00B,3,AGS,iOS,1276127,NULL,1276127_1000,590,590,TWD,0,2017/1/20 15:17
A_AGS1484925497_1279480_4036E9,3,AGS,iOS,1279480,NULL,1279480_1000,590,590,TWD,0,2017/1/20 15:18
A_AGS1484925579_1267777_DC2C68,3,AGS,iOS,1267777,NULL,1267777_1000,590,590,TWD,0,2017/1/20 15:19
A_AGS1484925966_1208189_0BC0B5,3,AGS,iOS,1208189,NULL,1208189_1000,590,590,TWD,0,2017/1/20 15:26
A_AGS1484926029_1208189_C3C0F2,3,AGS,iOS,1208189,NULL,1208189_1000,590,590,TWD,0,2017/1/20 15:27
A_AGS1484926080_1242234_957884,3,AGS,iOS,1242234,NULL,1242234_1000,590,590,TWD,0,2017/1/20 15:28
A_AGS1484926934_1197578_2D523B,3,AGS,iOS,1197578,NULL,1197578_1000,590,590,TWD,0,2017/1/20 15:42
A_AGS1484927098_1246483_1F5AF8,3,AGS,iOS,1246483,NULL,1246483_1000,890,890,TWD,710,2017/1/20 15:44
A_AGS1484927578_1276767_6972DA,3,AGS,iOS,1276767,NULL,1276767_1000,590,590,TWD,0,2017/1/20 15:52
A_AGS1484927630_1276767_6D03C8,3,AGS,iOS,1276767,NULL,1276767_1000,590,590,TWD,0,2017/1/20 15:53
A_AGS1484927861_1251501_284968,3,AGS,iOS,1251501,NULL,1251501_1000,590,590,TWD,0,2017/1/20 15:57
A_AGS1484927897_1256883_93A58A,3,AGS,iOS,1256883,NULL,1256883_1000,2990,2990,TWD,2550,2017/1/20 15:58
A_AGS1484928342_1177071_B5706F,3,AGS,iOS,1177071,NULL,1177071_1000,590,590,TWD,0,2017/1/20 16:05
A_AGS1484928632_1250219_6282C3,3,AGS,iOS,1250219,NULL,1250219_1000,590,590,TWD,0,2017/1/20 16:10
A_AGS1484928655_1250219_F2466A,3,AGS,iOS,1250219,NULL,1250219_1000,890,890,TWD,710,2017/1/20 16:10
A_AGS1484928663_1257215_0F185F,3,AGS,iOS,1257215,NULL,1257215_1000,890,890,TWD,710,2017/1/20 16:11
A_AGS1484928675_1250219_9E2D61,3,AGS,iOS,1250219,NULL,1250219_1000,300,300,TWD,225,2017/1/20 16:11
A_AGS1484928680_1246772_846C76,3,AGS,iOS,1246772,NULL,1246772_1000,590,590,TWD,0,2017/1/20 16:11
A_AGS1484929104_1251501_AF7C5D,3,AGS,iOS,1251501,NULL,1251501_1000,300,300,TWD,225,2017/1/20 16:18
A_AGS1484929138_1251501_10108B,3,AGS,iOS,1251501,NULL,1251501_1000,150,150,TWD,110,2017/1/20 16:18
A_AGS1484929248_1248431_7C5226,3,AGS,iOS,1248431,NULL,1248431_1000,590,590,TWD,0,2017/1/20 16:20
A_AGS1484929550_1279388_5E7891,3,AGS,iOS,1279388,NULL,1279388_1000,590,590,TWD,0,2017/1/20 16:25
A_AGS1484929831_1279388_590CB6,3,AGS,iOS,1279388,NULL,1279388_1000,590,590,TWD,0,2017/1/20 16:30
A_AGS1484929866_1242234_1B18EA,3,AGS,iOS,1242234,NULL,1242234_1000,590,590,TWD,460,2017/1/20 16:31
A_AGS1484930880_1280010_C2D8D9,3,AGS,iOS,1280010,NULL,1280010_1000,590,590,TWD,0,2017/1/20 16:48
A_AGS1484931120_1269506_B522CE,3,AGS,iOS,1269506,NULL,1269506_1000,890,890,TWD,710,2017/1/20 16:52
A_AGS1484931543_1249604_6A14DC,3,AGS,iOS,1249604,NULL,1249604_1000,590,590,TWD,0,2017/1/20 16:59
A_AGS1484931925_1250512_75D62A,3,AGS,iOS,1250512,NULL,1250512_1000,590,590,TWD,0,2017/1/20 17:05
A_AGS1484932042_1250512_846F4F,3,AGS,iOS,1250512,NULL,1250512_1000,590,590,TWD,0,2017/1/20 17:07
A_AGS1484932590_1279388_DE9294,3,AGS,iOS,1279388,NULL,1279388_1000,2990,2990,TWD,2550,2017/1/20 17:16
A_AGS1484933019_1247911_4C6B7A,3,AGS,iOS,1247911,NULL,1247911_1000,590,590,TWD,0,2017/1/20 17:23
A_AGS1484933130_1269506_41AA84,3,AGS,iOS,1269506,NULL,1269506_1000,590,590,TWD,0,2017/1/20 17:25
A_AGS1484934172_1273780_36B008,3,AGS,iOS,1273780,NULL,1273780_1000,590,590,TWD,,2017/1/20 17:42
A_AGS1484934320_1273780_A2B54E,3,AGS,iOS,1273780,NULL,1273780_1000,590,590,TWD,460,2017/1/20 17:45
A_AGS1484934354_1271030_D894F6,3,AGS,iOS,1271030,NULL,1271030_1000,890,890,TWD,710,2017/1/20 17:45
A_AGS1484934357_1250876_47B42D,3,AGS,iOS,1250876,NULL,,,590,TWD,0,2017/1/20 17:45
A_AGS1484934390_1278917_9914A4,3,AGS,iOS,1278917,NULL,,,890,TWD,710,2017/1/20 17:46
A_AGS1484934479_1250876_A87E3C,3,AGS,iOS,1250876,NULL,,,300,TWD,225,2017/1/20 17:48
A_AGS1484934515_1278957_2ECD6A,3,AGS,iOS,1278957,NULL,,,590,TWD,0,2017/1/20 17:48
A_AGS1484934521_1250876_96CA72,3,AGS,iOS,1250876,NULL,,,150,TWD,110,2017/1/20 17:48
A_AGS1484934637_1258826_617458,3,AGS,iOS,1258826,NULL,,,590,TWD,0,2017/1/20 17:50
A_AGS1484934695_1278957_18DE60,3,AGS,iOS,1278957,NULL,1278957_1000,150,150,TWD,110,2017/1/20 17:51
A_AGS1484934743_1278957_A91528,3,AGS,iOS,1278957,NULL,1278957_1000,300,300,TWD,225,2017/1/20 17:52
A_AGS1484934923_1252717_5562F9,3,AGS,iOS,1252717,NULL,1252717_1000,890,890,TWD,710,2017/1/20 17:55
A_AGS1484934955_1264492_A3E330,3,AGS,iOS,1264492,NULL,1264492_1000,590,590,TWD,0,2017/1/20 17:55
A_AGS1484935264_1264492_7F7EA4,3,AGS,iOS,1264492,NULL,1264492_1000,590,590,TWD,460,2017/1/20 18:01
A_AGS1484935268_1280838_D27B44,3,AGS,iOS,1280838,NULL,1280838_1000,590,590,TWD,0,2017/1/20 18:01
A_AGS1484936528_1256329_2F7104,3,AGS,iOS,1256329,NULL,1256329_1000,590,590,TWD,0,2017/1/20 18:22
A_AGS1484936696_1256329_5C13D6,3,AGS,iOS,1256329,NULL,1256329_1000,300,300,TWD,225,2017/1/20 18:24
A_AGS1484936740_1256329_C4E6D6,3,AGS,iOS,1256329,NULL,1256329_1000,150,150,TWD,110,2017/1/20 18:25
A_AGS1484936981_1279563_B9BADE,3,AGS,iOS,1279563,NULL,1279563_1000,590,590,TWD,0,2017/1/20 18:29
A_AGS1484937841_1249669_F4B82A,3,AGS,iOS,1249669,NULL,1249669_1000,590,590,TWD,0,2017/1/20 18:44
A_AGS1484938095_1279563_D1D3AF,3,AGS,iOS,1279563,NULL,1279563_1000,300,300,TWD,225,2017/1/20 18:48
A_AGS1484938229_1253892_CB5D45,3,AGS,iOS,1253892,NULL,1253892_1000,590,590,TWD,0,2017/1/20 18:50
A_AGS1484938264_1251884_17A556,3,AGS,iOS,1251884,NULL,1251884_1000,590,590,TWD,0,2017/1/20 18:51
A_AGS1484938287_1246833_B3C4E7,3,AGS,iOS,1246833,NULL,1246833_1000,590,590,TWD,0,2017/1/20 18:51
A_AGS1484938320_1247102_D89DD9,3,AGS,iOS,1247102,NULL,1247102_1000,590,590,,,
A_AGS1484938323_1279563_2197E9,3,AGS,iOS,1279563,NULL,1279563_1000,150,150,,,
A_AGS1484938410_1248838_DFC37B,3,AGS,iOS,1248838,NULL,1248838_1000,890,890,,,
A_AGS1484938420_1251884_16FBAF,3,AGS,iOS,1251884,NULL,1251884_1000,590,590,,,
A_AGS1484938453_1247102_9C5884,3,AGS,iOS,1247102,NULL,1247102_1000,590,590,,,
A_AGS1484938472_1277799_32D8B7,3,AGS,iOS,1277799,NULL,1277799_1000,890,890,,,
A_AGS1484938542_1271848_CC1684,3,AGS,iOS,1271848,NULL,1271848_1000,590,590,TWD,460,2017/1/20 18:55
A_AGS1484938551_1248838_AC33D5,3,AGS,iOS,1248838,NULL,1248838_1000,590,590,TWD,0,2017/1/20 18:55
A_AGS1484938576_1280221_ABF38E,3,AGS,iOS,1280221,NULL,1280221_1000,590,590,TWD,0,2017/1/20 18:56
A_AGS1484938832_1280221_CEAA2D,3,AGS,iOS,1280221,NULL,1280221_1000,590,590,TWD,460,2017/1/20 19:00
A_AGS1484938918_1210224_F3EC9E,3,AGS,iOS,1210224,NULL,1210224_1000,590,590,TWD,0,2017/1/20 19:01
A_AGS1484939277_1258602_D114E9,3,AGS,iOS,1258602,NULL,1258602_1000,590,590,TWD,0,2017/1/20 19:07
A_AGS1484939285_1248589_5723FC,3,AGS,iOS,1248589,NULL,1248589_1000,2990,2990,TWD,2550,2017/1/20 19:08
A_AGS1484939429_1251655_912A99,3,AGS,iOS,1251655,NULL,1251655_1000,590,590,TWD,0,2017/1/20 19:10
A_AGS1484939576_1251655_35BD92,3,AGS,iOS,1251655,NULL,1251655_1000,590,590,TWD,0,2017/1/20 19:12
A_AGS1484939619_1258602_A81AFC,3,AGS,iOS,1258602,NULL,1258602_1000,2990,2990,TWD,2550,2017/1/20 19:13
A_AGS1484939625_1278468_F517D0,3,AGS,iOS,1278468,NULL,1278468_1000,590,590,TWD,0,2017/1/20 19:13
A_AGS1484939908_1210224_09BC13,3,AGS,iOS,1210224,NULL,1210224_1000,300,300,TWD,225,2017/1/20 19:18
A_AGS1484939959_1210224_82B558,3,AGS,iOS,1210224,NULL,1210224_1000,150,150,TWD,110,2017/1/20 19:19
A_AGS1484940207_1248689_30FA30,3,AGS,iOS,1248689,NULL,1248689_1000,590,590,TWD,0,2017/1/20 19:23
A_AGS1484940251_1251735_D2D62E,3,AGS,iOS,1251735,NULL,1251735_1000,590,590,TWD,0,2017/1/20 19:24
A_AGS1484940358_1251735_796693,3,AGS,iOS,1251735,NULL,1251735_1000,590,590,TWD,0,2017/1/20 19:25
A_AGS1484940453_1251735_B2749C,3,AGS,iOS,1251735,NULL,1251735_1000,590,590,TWD,0,2017/1/20 19:27
A_AGS1484940532_1251735_68F6F1,3,AGS,iOS,1251735,NULL,1251735_1000,150,150,TWD,110,2017/1/20 19:28
A_AGS1484941720_1250053_5BE925,3,AGS,iOS,1250053,NULL,1250053_1000,590,590,TWD,0,2017/1/20 19:48
A_AGS1484941790_1285585_48185E,3,AGS,iOS,1285585,NULL,1285585_1000,2990,2990,TWD,2550,2017/1/20 19:49
A_AGS1484941826_1285794_A6DB71,3,AGS,iOS,1285794,NULL,1285794_1000,590,590,TWD,0,2017/1/20 19:50
A_AGS1484941861_1275889_4D063C,3,AGS,iOS,1275889,NULL,1275889_1000,590,590,TWD,0,2017/1/20 19:51
A_AGS1484941997_1253260_B09903,3,AGS,iOS,1253260,NULL,1253260_1000,590,590,TWD,460,2017/1/20 19:53
A_AGS1484942542_1247559_1BC3E8,3,AGS,iOS,1247559,NULL,1247559_1000,150,150,TWD,110,2017/1/20 20:02
A_AGS1484942585_1280922_7CE0D2,3,AGS,iOS,1280922,NULL,1280922_1000,590,590,TWD,0,2017/1/20 20:03
A_AGS1484942624_1275433_B0A434,3,AGS,iOS,1275433,NULL,1275433_1000,,590,TWD,0,2017/1/20 20:03
A_AGS1484942666_1278468_BAE558,3,AGS,iOS,1278468,NULL,,,590,TWD,460,2017/1/20 20:04
A_AGS1484942729_1280922_9A80D0,3,AGS,iOS,1280922,NULL,1280922_1000,300,300,TWD,225,2017/1/20 20:05
A_AGS1484942770_1280922_CE2195,3,AGS,iOS,1280922,NULL,1280922_1000,150,150,TWD,110,2017/1/20 20:06
A_AGS1484942823_1285794_FDC707,3,AGS,iOS,1285794,NULL,1285794_1000,590,590,TWD,0,2017/1/20 20:07
A_AGS1484942848_1275433_F5E5B5,3,AGS,iOS,1275433,NULL,1275433_1000,590,590,TWD,460,2017/1/20 20:07
A_AGS1484942885_1285794_EA4D89,3,AGS,iOS,1285794,NULL,1285794_1000,590,590,TWD,0,2017/1/20 20:08
A_AGS1484942985_1262171_B8768F,3,AGS,iOS,1262171,NULL,1262171_1000,890,890,TWD,710,2017/1/20 20:09
A_AGS1484943054_1247606_661626,3,AGS,iOS,1247606,NULL,1247606_1000,590,590,TWD,0,2017/1/20 20:10
A_AGS1484943218_1247606_A1BA47,3,AGS,iOS,1247606,NULL,1247606_1000,590,590,TWD,460,2017/1/20 20:13
A_AGS1484943305_1285018_0F394F,3,AGS,iOS,1285018,NULL,1285018_1000,150,150,TWD,110,2017/1/20 20:15
A_AGS1484943619_1255977_E7A65C,3,AGS,iOS,1255977,NULL,1255977_1000,590,590,TWD,0,2017/1/20 20:20
A_AGS1484944017_1247572_2A2D6F,3,AGS,iOS,1247572,NULL,1247572_1000,590,590,TWD,0,2017/1/20 20:26
A_AGS1484944080_1247572_FDB8DF,3,AGS,iOS,1247572,NULL,1247572_1000,590,590,TWD,460,2017/1/20 20:28
A_AGS1484945243_1279907_43F59B,3,AGS,iOS,1279907,NULL,1279907_1000,890,890,TWD,710,2017/1/20 20:47
A_AGS1484946213_1247807_120887,3,AGS,iOS,1247807,NULL,1247807_1000,590,590,TWD,0,2017/1/20 21:03
A_AGS1484946456_1250955_3FBFBC,3,AGS,iOS,1250955,NULL,1250955_1000,590,590,TWD,0,2017/1/20 21:07
A_AGS1484946584_1268351_0972A9,3,AGS,iOS,1268351,NULL,1268351_1000,590,590,TWD,0,2017/1/20 21:09
A_AGS1484947097_1268944_A36457,3,AGS,iOS,1268944,NULL,1268944_1000,590,590,TWD,0,2017/1/20 21:18
A_AGS1484947154_1268944_21C39F,3,AGS,iOS,1268944,NULL,1268944_1000,890,890,TWD,710,2017/1/20 21:19
A_AGS1484947195_1283824_37E393,3,AGS,iOS,1283824,NULL,1283824_1000,150,150,TWD,110,2017/1/20 21:19
A_AGS1484947338_1283824_CEE10F,3,AGS,iOS,1283824,NULL,1283824_1000,890,890,TWD,710,2017/1/20 21:22
A_AGS1484947413_1266272_66767D,3,AGS,iOS,1266272,NULL,1266272_1000,890,890,TWD,710,2017/1/20 21:23
A_AGS1484947447_1277966_F43953,3,AGS,iOS,1277966,NULL,1277966_1000,590,590,TWD,0,2017/1/20 21:24
A_AGS1484947932_1264555_66A018,3,AGS,iOS,1264555,NULL,1264555_1000,890,890,TWD,710,2017/1/20 21:32
A_AGS1484948183_1277966_44AE6D,3,AGS,iOS,1277966,NULL,1277966_1000,590,590,TWD,460,2017/1/20 21:36
A_AGS1484948574_1177163_CCBE03,3,AGS,iOS,1177163,NULL,1177163_1000,590,590,TWD,0,2017/1/20 21:42
A_AGS1484948744_1177163_A7C0D7,3,AGS,iOS,1177163,NULL,1177163_1000,2990,2990,TWD,2550,2017/1/20 21:45
A_AGS1484949046_1281702_9B730D,3,AGS,iOS,1281702,NULL,1281702_1000,300,300,TWD,225,2017/1/20 21:50
A_AGS1484949698_1276462_070F68,3,AGS,iOS,1276462,NULL,1276462_1000,300,300,TWD,225,2017/1/20 22:01
A_AGS1484949961_1285065_18FFB9,3,AGS,iOS,1285065,NULL,1285065_1000,590,590,TWD,0,2017/1/20 22:06
A_AGS1484950077_1248431_BEC7C3,3,AGS,iOS,1248431,NULL,1248431_1000,300,300,TWD,225,2017/1/20 22:07
A_AGS1484950202_1248431_589408,3,AGS,iOS,1248431,NULL,1248431_1000,150,150,TWD,110,2017/1/20 22:10
A_AGS1484950599_1247134_60CE6B,3,AGS,iOS,1247134,NULL,1247134_1000,590,590,TWD,0,2017/1/20 22:16
A_AGS1484950837_1247134_E75D20,3,AGS,iOS,1247134,NULL,1247134_1000,2990,2990,TWD,2550,2017/1/20 22:20
A_AGS1484950894_1289516_F40992,3,AGS,iOS,1289516,NULL,1289516_1000,890,890,TWD,710,2017/1/20 22:21
A_AGS1484951158_1249337_3A6FF6,3,AGS,iOS,1249337,NULL,1249337_1000,590,590,TWD,0,2017/1/20 22:25
A_AGS1484951459_1267770_1A35AB,3,AGS,iOS,1267770,NULL,1267770_1000,590,590,TWD,0,2017/1/20 22:30
A_AGS1484951968_1267770_4E710D,3,AGS,iOS,1267770,NULL,1267770_1000,590,590,TWD,0,2017/1/20 22:39
A_AGS1484952198_1279695_C59F5F,3,AGS,iOS,1279695,NULL,1279695_1000,590,590,TWD,0,2017/1/20 22:43
A_AGS1484952544_1257610_2F50DC,3,AGS,iOS,1257610,NULL,1257610_1000,890,890,TWD,710,2017/1/20 22:49
A_AGS1484952738_1279695_0AADF4,3,AGS,iOS,1279695,NULL,1279695_1000,590,590,TWD,460,2017/1/20 22:52
A_AGS1484952764_1290224_42A0ED,3,AGS,iOS,1290224,NULL,1290224_1000,590,590,TWD,0,2017/1/20 22:52
A_AGS1484952805_1286456_4FA63B,3,AGS,,1286456,NULL,1286456_1000,150,150,TWD,110,2017/1/20 22:53
A_AGS1484953005_1247054_2D25B0,3,AGS,iOS,1247054,NULL,1247054_1000,590,590,TWD,0,2017/1/20 22:56
A_AGS1484953117_1290885_E35464,3,AGS,iOS,1290885,NULL,1290885_1000,150,150,TWD,110,2017/1/20 22:58
A_AGS1484953123_1282394_B9D095,3,AGS,iOS,1282394,NULL,1282394_1000,,150,TWD,110,2017/1/20 22:58
A_AGS1484953260_1258331_424D0A,3,AGS,iOS,1258331,NULL,1258331_1000,590,590,TWD,0,2017/1/20 23:01
A_AGS1484953389_1248890_8B8FA9,3,AGS,iOS,1248890,NULL,,890,890,TWD,710,2017/1/20 23:03
A_AGS1484953400_1247054_3459B0,3,AGS,iOS,1247054,NULL,1247054_1000,300,300,TWD,225,2017/1/20 23:03
A_AGS1484953458_1247054_19B623,3,AGS,iOS,1247054,NULL,1247054_1000,150,150,TWD,110,2017/1/20 23:04
A_AGS1484953491_1258331_F2752B,3,AGS,iOS,1258331,NULL,1258331_1000,590,590,TWD,460,2017/1/20 23:04
A_AGS1484953497_1208179_940173,3,AGS,iOS,1208179,NULL,1208179_1000,590,590,TWD,0,2017/1/20 23:04
A_AGS1484953544_1246470_A281D7,3,AGS,iOS,1246470,NULL,1246470_1000,590,590,TWD,0,2017/1/20 23:05
A_AGS1484953558_1208179_88A279,3,AGS,iOS,1208179,NULL,1208179_1000,590,590,TWD,0,2017/1/20 23:05
A_AGS1484953629_1249669_6EB027,3,AGS,iOS,1249669,NULL,1249669_1000,590,590,TWD,460,2017/1/20 23:07
A_AGS1484953737_1178270_8829F0,3,AGS,iOS,1178270,NULL,1178270_1000,590,590,TWD,0,2017/1/20 23:08
A_AGS1484953997_1291116_EC7496,3,AGS,iOS,1291116,NULL,1291116_1000,590,590,TWD,0,2017/1/20 23:13
A_AGS1484954103_1291116_9CBC29,3,AGS,iOS,1291116,NULL,1291116_1000,890,890,TWD,710,2017/1/20 23:15
A_AGS1484954289_1246325_28EA9F,3,AGS,iOS,1246325,NULL,1246325_1000,590,590,TWD,0,2017/1/20 23:18
A_AGS1484954484_1287802_852F80,3,AGS,iOS,1287802,NULL,1287802_1000,890,890,TWD,710,2017/1/20 23:21
A_AGS1484954564_1276466_793C33,3,AGS,iOS,1276466,NULL,1276466_1000,590,590,TWD,0,2017/1/20 23:22
A_AGS1484954569_1173590_854801,3,AGS,iOS,1173590,NULL,1173590_1000,590,590,TWD,0,2017/1/20 23:22
A_AGS1484954735_1276466_6EFCEA,3,AGS,iOS,1276466,NULL,1276466_1000,2990,2990,TWD,2550,2017/1/20 23:25
A_AGS1484954978_1246941_AD9FB0,3,AGS,iOS,1246941,NULL,1246941_1000,590,590,TWD,0,2017/1/20 23:29
A_AGS1484955485_1280838_E81FC4,3,AGS,iOS,1280838,NULL,1280838_1000,2990,2990,TWD,2550,2017/1/20 23:38
A_AGS1484955622_1269419_995470,3,AGS,iOS,1269419,NULL,1269419_1000,590,590,TWD,0,2017/1/20 23:40
A_AGS1484955646_1272875_C11042,3,AGS,iOS,1272875,NULL,1272875_1000,890,890,TWD,710,2017/1/20 23:40
A_AGS1484955673_1269419_C0E584,3,AGS,iOS,1269419,NULL,1269419_1000,300,300,TWD,225,2017/1/20 23:41
A_AGS1484955717_1269419_C185D8,3,AGS,iOS,1269419,NULL,1269419_1000,150,150,TWD,110,2017/1/20 23:41
A_AGS1484956054_1260740_F78CA0,3,AGS,iOS,1260740,NULL,1260740_1000,890,890,TWD,710,2017/1/20 23:47
A_AGS1484956203_1247726_EFB8DC,3,AGS,iOS,1247726,NULL,1247726_1000,2990,2990,TWD,2550,2017/1/20 23:50
A_AGS1484956236_1289383_F1FD8F,3,AGS,iOS,1289383,NULL,1289383_1000,1790,1790,TWD,1475,2017/1/20 23:50
A_AGS1484956277_1267471_C1370D,3,AGS,iOS,1267471,NULL,1267471_1000,590,590,TWD,0,2017/1/20 23:51
A_AGS1484956720_1260211_88492B,3,AGS,iOS,1260211,NULL,1260211_1000,150,150,TWD,110,2017/1/20 23:58
A_AGS1484956848_1251564_712C3B,3,AGS,iOS,1251564,NULL,1251564_1000,590,590,TWD,0,2017/1/21 00:00
A_AGS1484956918_1251564_DBE0D3,3,AGS,iOS,1251564,NULL,1251564_1000,590,590,TWD,460,2017/1/21 00:01
A_AGS1484956919_1250053_7CA46F,3,AGS,iOS,1250053,NULL,1250053_1000,590,590,TWD,460,2017/1/21 00:02
A_AGS1484956934_1280817_60C976,3,AGS,iOS,1280817,NULL,1280817_1000,890,890,TWD,710,2017/1/21 00:02
A_AGS1484957024_1249774_D24DEA,3,AGS,iOS,1249774,NULL,1249774_1000,590,590,TWD,0,2017/1/21 00:03
A_AGS1484957074_1249774_39A115,3,AGS,iOS,1249774,NULL,1249774_1000,590,590,TWD,0,2017/1/21 00:04
A_AGS1484957490_1288703_9ADF59,3,AGS,iOS,1288703,NULL,1288703_1000,590,590,TWD,0,2017/1/21 00:11
A_AGS1484957706_1288703_334EEF,3,AGS,iOS,1288703,NULL,1288703_1000,590,590,TWD,460,2017/1/21 00:15
A_AGS1484958142_1249708_2C96B0,3,AGS,iOS,1249708,NULL,1249708_1000,590,590,TWD,0,2017/1/21 00:22
A_AGS1484958238_1249708_3A57C0,3,AGS,iOS,1249708,NULL,1249708_1000,590,590,TWD,460,2017/1/21 00:23
A_AGS1484958483_1284535_59C58B,3,AGS,iOS,1284535,NULL,1284535_1000,300,300,TWD,225,2017/1/21 00:28
A_AGS1484958537_1265226_49578A,3,AGS,iOS,1265226,NULL,1265226_1000,590,590,TWD,0,2017/1/21 00:28
A_AGS1484958537_1284535_FBDF46,3,AGS,iOS,1284535,NULL,1284535_1000,590,590,TWD,0,2017/1/21 00:28
A_AGS1484958574_1284535_59EEB4,3,AGS,iOS,1284535,NULL,1284535_1000,150,150,TWD,110,2017/1/21 00:29
A_AGS1484958673_1265226_FF8896,3,AGS,iOS,1265226,NULL,1265226_1000,590,590,TWD,0,2017/1/21 00:31
A_AGS1484958712_1248381_74B4A2,3,AGS,iOS,1248381,NULL,1248381_1000,590,590,TWD,0,2017/1/21 00:31
A_AGS1484958800_1275545_B144DC,3,AGS,iOS,1275545,NULL,1275545_1000,590,590,TWD,0,2017/1/21 00:33
A_AGS1484958885_1248381_9F5D06,3,AGS,iOS,1248381,NULL,1248381_1000,590,590,TWD,0,2017/1/21 00:34
A_AGS1484958911_1275545_908A87,3,AGS,iOS,1275545,NULL,1275545_1000,300,300,TWD,225,2017/1/21 00:35
A_AGS1484958935_1275545_DF1FCC,3,AGS,iOS,1275545,NULL,1275545_1000,150,150,TWD,110,2017/1/21 00:35
A_AGS1484959100_1248110_3B9709,3,AGS,iOS,1248110,NULL,1248110_1000,890,890,TWD,710,2017/1/21 00:38
A_AGS1484959152_1264041_AB68BA,3,AGS,iOS,1264041,,1264041_1000,890,890,TWD,710,2017/1/21 00:39
A_AGS1484959435_1251100_8290FC,3,AGS,iOS,1251100,NULL,1251100_1000,890,890,TWD,710,2017/1/21 00:43
A_AGS1484959610_1277695_66C6D8,3,AGS,iOS,1277695,NULL,1277695_1000,890,890,TWD,710,2017/1/21 00:46
A_AGS1484959725_1269034_74A63B,3,AGS,iOS,1269034,NULL,1269034_1000,890,890,TWD,710,2017/1/21 00:48
A_AGS1484959770_1290251_01CFB1,3,AGS,iOS,1290251,NULL,1290251_1000,300,300,TWD,225,2017/1/21 00:49
A_AGS1484959793_1290251_41F371,3,AGS,iOS,1290251,NULL,1290251_1000,150,150,TWD,110,2017/1/21 00:49
A_AGS1484959909_1180453_8CF242,3,AGS,iOS,1180453,NULL,1180453_1000,590,590,TWD,0,2017/1/21 00:51
A_AGS1484960353_1293426_F9E55A,3,AGS,iOS,1293426,NULL,1293426_1000,590,590,TWD,0,2017/1/21 00:59
A_AGS1484960625_1260848_9A87DE,3,AGS,iOS,1260848,NULL,1260848_1000,150,150,TWD,110,2017/1/21 01:03
A_AGS1484960907_1293270_6AD104,3,AGS,iOS,1293270,NULL,1293270_1000,590,590,TWD,0,2017/1/21 01:08
A_AGS1484961035_1285067_01CCE9,3,AGS,iOS,1285067,NULL,1285067_1000,590,590,TWD,0,2017/1/21 01:10
A_AGS1484961104_1278650_8C9D1E,3,AGS,iOS,1278650,NULL,1278650_1000,590,590,TWD,0,2017/1/21 01:11
A_AGS1484961117_1256683_91A9DE,3,AGS,iOS,1256683,NULL,1256683_1000,890,890,TWD,710,2017/1/21 01:11
A_AGS1484961195_1278650_DA5241,3,AGS,iOS,1278650,NULL,1278650_1000,590,590,TWD,460,2017/1/21 01:13
A_AGS1484961653_1293644_7E6A68,3,AGS,iOS,1293644,NULL,1293644_1000,890,890,TWD,710,2017/1/21 01:20
A_AGS1484961754_1293270_F3DEC8,3,AGS,iOS,1293270,NULL,1293270_1000,150,150,TWD,110,2017/1/21 01:22
A_AGS1484961781_1294166_79D558,3,AGS,iOS,1294166,NULL,1294166_1000,590,590,TWD,0,2017/1/21 01:23
A_AGS1484961828_1274586_C4FD7C,3,AGS,iOS,1274586,NULL,1274586_1000,590,590,TWD,0,2017/1/21 01:23
A_AGS1484961881_1274586_C174B3,3,AGS,iOS,1274586,NULL,1274586_1000,590,590,TWD,0,2017/1/21 01:24
A_AGS1484961953_1294166_8E5873,3,AGS,iOS,1294166,NULL,1294166_1000,300,300,TWD,225,2017/1/21 01:25
A_AGS1484961996_1294166_171189,3,AGS,iOS,1294166,NULL,1294166_1000,150,150,TWD,110,2017/1/21 01:26
A_AGS1484962700_1294348_0D840C,3,AGS,iOS,1294348,NULL,1294348_1000,590,590,TWD,0,2017/1/21 01:38
A_AGS1484962726_1273105_B7B0B4,3,AGS,iOS,1273105,NULL,1273105_1000,590,590,TWD,0,2017/1/21 01:38
A_AGS1484962731_1294348_888265,3,AGS,iOS,1294348,NULL,1294348_1000,590,590,TWD,0,2017/1/21 01:38
A_AGS1484962856_1273105_EA7815,3,AGS,iOS,1273105,NULL,1273105_1000,300,300,TWD,225,2017/1/21 01:40
A_AGS1484962888_1273105_CD86E7,3,AGS,iOS,1273105,NULL,1273105_1000,,150,TWD,110,2017/1/21 01:41
A_AGS1484963179_1247507_E1996A,3,AGS,iOS,1247507,NULL,1247507_1000,890,890,TWD,710,2017/1/21 01:46
A_AGS1484963652_1268766_7146C0,3,AGS,iOS,1268766,NULL,1268766_1000,590,590,TWD,460,2017/1/21 01:54
A_AGS1484964461_1294635_2B0C41,3,AGS,iOS,1294635,NULL,1294635_1000,590,590,TWD,0,2017/1/21 02:07
A_AGS1484964546_1294635_51E7F5,3,AGS,iOS,1294635,NULL,1294635_1000,150,150,TWD,110,2017/1/21 02:09
A_AGS1484965697_1295168_541281,3,AGS,iOS,1295168,NULL,1295168_1000,590,590,TWD,0,2017/1/21 02:28
A_AGS1484965769_1295168_4B02B5,3,AGS,iOS,1295168,NULL,1295168_1000,590,590,TWD,0,2017/1/21 02:29
A_AGS1484966167_1268626_4C3C8B,3,AGS,iOS,1268626,NULL,1268626_1000,590,590,TWD,460,2017/1/21 02:36
A_AGS1484966702_1278407_5E845D,3,AGS,iOS,1278407,NULL,1278407_1000,590,590,TWD,0,2017/1/21 02:45
A_AGS1484966742_1250626_079E34,3,AGS,iOS,1250626,NULL,1250626_1000,890,890,TWD,710,2017/1/21 02:45
A_AGS1484967010_1269976_9A5F8D,3,AGS,iOS,1269976,NULL,1269976_1000,890,890,TWD,710,2017/1/21 02:50
A_AGS1484967076_1276296_EEB0C0,3,AGS,iOS,1276296,NULL,1276296_1000,590,590,TWD,0,2017/1/21 02:51
A_AGS1484967181_1276296_B39A23,3,AGS,iOS,1276296,NULL,1276296_1000,590,590,TWD,460,2017/1/21 02:53
A_AGS1484969172_1292137_4DF1F8,3,AGS,iOS,1292137,NULL,1292137_1000,890,890,TWD,710,2017/1/21 03:26
A_AGS1484969255_1295683_B485D9,3,AGS,iOS,1295683,NULL,1295683_1000,890,890,TWD,710,2017/1/21 03:27
A_AGS1484969295_1283402_AFEEB8,3,AGS,iOS,1283402,NULL,1283402_1000,590,590,TWD,0,2017/1/21 03:28
A_AGS1484969331_1283402_DF250D,3,AGS,iOS,1283402,NULL,1283402_1000,150,150,TWD,110,2017/1/21 03:28
A_AGS1484969590_1292945_9D8589,3,AGS,iOS,1292945,NULL,1292945_1000,890,890,TWD,710,2017/1/21 03:33
A_AGS1484970722_1296015_50923D,3,AGS,iOS,1296015,NULL,1296015_1000,890,890,TWD,710,2017/1/21 03:52
A_AGS1484970785_1295898_658405,3,AGS,iOS,1295898,NULL,1295898_1000,890,890,TWD,710,2017/1/21 03:53
A_AGS1484971364_1281522_8E1F03,3,AGS,iOS,1281522,NULL,1281522_1000,890,890,TWD,710,2017/1/21 04:02
A_AGS1484971754_1268447_CCB780,3,AGS,iOS,,NULL,1268447_1000,890,890,TWD,710,2017/1/21 04:09
A_AGS1484973385_1285666_787BED,3,AGS,iOS,1285666,NULL,1285666_1000,590,590,TWD,0,2017/1/21 04:36
A_AGS1484973693_1295937_2B6620,3,AGS,iOS,1295937,NULL,1295937_1000,150,150,TWD,110,2017/1/21 04:41
A_AGS1484973754_1296254_0E249B,3,AGS,iOS,1296254,NULL,1296254_1000,890,890,TWD,710,2017/1/21 04:42
A_AGS1484974349_1249247_330B5B,3,AGS,iOS,1249247,NULL,1249247_1000,590,590,TWD,0,2017/1/21 04:52
A_AGS1484974419_1259952_F467E3,3,AGS,iOS,1259952,NULL,1259952_1000,2990,2990,TWD,2550,2017/1/21 04:53
A_AGS1484974579_1295937_9AB928,3,AGS,iOS,1295937,NULL,1295937_1000,890,890,TWD,710,2017/1/21 04:56
A_AGS1484976178_1214448_24156B,3,AGS,iOS,1214448,NULL,1214448_1000,590,590,TWD,0,2017/1/21 05:22
A_AGS1484976941_1276161_A706E9,3,AGS,iOS,1276161,NULL,1276161_1000,890,890,TWD,710,2017/1/21 05:35
A_AGS1484981402_1274732_4DA6CD,3,AGS,iOS,1274732,NULL,1274732_1000,590,590,TWD,0,2017/1/21 06:50
A_AGS1484982847_1274834_401330,3,AGS,iOS,1274834,NULL,1274834_1000,590,590,TWD,0,2017/1/21 07:14
A_AGS1484982922_1274834_08961A,3,AGS,iOS,1274834,NULL,1274834_1000,590,590,TWD,0,2017/1/21 07:15
A_AGS1484983577_1250531_A11F3B,3,AGS,iOS,1250531,NULL,1250531_1000,590,590,TWD,0,2017/1/21 07:26
A_AGS1484984273_1247559_0BE7FB,3,AGS,iOS,1247559,NULL,1247559_1000,590,590,TWD,0,2017/1/21 07:37
A_AGS1484984435_1247559_AE9546,3,AGS,iOS,1247559,NULL,1247559_1000,890,890,TWD,710,2017/1/21 07:40
A_AGS1484985054_1286456_440830,3,AGS,iOS,1286456,NULL,1286456_1000,890,890,TWD,710,2017/1/21 07:50
A_AGS1484985833_1291986_80C82F,3,AGS,iOS,1291986,NULL,1291986_1000,890,890,TWD,710,2017/1/21 08:03
A_AGS1484986221_1275889_21C7B4,3,AGS,iOS,1275889,NULL,1275889_1000,890,890,TWD,710,2017/1/21 08:10
A_AGS1484986525_1293043_F219E3,3,AGS,iOS,1293043,NULL,1293043_1000,590,590,TWD,0,2017/1/21 08:15
A_AGS1484986534_1247440_892DEC,3,AGS,iOS,1247440,NULL,1247440_1000,890,890,TWD,710,2017/1/21 08:15
A_AGS1484986579_1293043_2BF8C7,3,AGS,iOS,1293043,NULL,1293043_1000,590,590,TWD,0,2017/1/21 08:16
A_AGS1484987488_1271848_CE3631,3,AGS,iOS,1271848,NULL,1271848_1000,590,590,TWD,460,2017/1/21 08:31
A_AGS1484987503_1263875_CDF596,3,AGS,iOS,1263875,NULL,1263875_1000,590,590,TWD,0,2017/1/21 08:31
A_AGS1484987592_1263875_069DB0,3,AGS,iOS,1263875,NULL,1263875_1000,300,300,TWD,225,2017/1/21 08:33
A_AGS1484987618_1263875_A4640E,3,AGS,iOS,1263875,NULL,1263875_1000,150,150,TWD,110,2017/1/21 08:33
A_AGS1484987874_1297565_2B6560,3,AGS,iOS,1297565,NULL,1297565_1000,590,590,TWD,460,2017/1/21 08:37
A_AGS1484988364_1288191_B90E78,3,AGS,iOS,1288191,NULL,1288191_1000,890,890,TWD,710,2017/1/21 08:46
A_AGS1484989320_1248281_FE9531,3,AGS,iOS,1248281,NULL,1248281_1000,590,590,TWD,0,2017/1/21 09:02
A_AGS1484989358_1274332_C74F4E,3,AGS,iOS,1274332,NULL,1274332_1000,590,590,TWD,0,2017/1/21 09:02
A_AGS1484989490_1248589_65956B,3,AGS,iOS,1248589,NULL,1248589_1000,590,590,TWD,0,2017/1/21 09:04
A_AGS1484990234_1298368_9FDC68,3,AGS,iOS,1298368,NULL,1298368_1000,590,590,TWD,0,2017/1/21 09:17
A_AGS1484990499_1298368_B2A9A1,3,AGS,iOS,1298368,NULL,1298368_1000,300,,TWD,225,2017/1/21 09:21
A_AGS1484990564_1298368_F39E84,3,AGS,iOS,1298368,NULL,1298368_1000,150,150,TWD,110,2017/1/21 09:22
A_AGS1484990711_1251881_D0152F,3,AGS,iOS,1251881,NULL,1251881_1000,300,300,TWD,225,2017/1/21 09:25
A_AGS1484990928_1251881_3D7471,3,AGS,iOS,1251881,NULL,1251881_1000,890,890,TWD,710,2017/1/21 09:28
A_AGS1484991433_1250916_E912C9,3,AGS,iOS,1250916,NULL,1250916_1000,590,590,TWD,0,2017/1/21 09:37
A_AGS1484991564_1250916_9372E1,3,AGS,iOS,1250916,NULL,1250916_1000,590,590,TWD,0,2017/1/21 09:39
A_AGS1484991809_1298154_E440E9,3,AGS,iOS,1298154,NULL,1298154_1000,590,590,TWD,0,2017/1/21 09:43
A_AGS1484992580_1298751_E3FC97,3,AGS,iOS,1298751,NULL,1298751_1000,590,590,TWD,0,2017/1/21 09:56
A_AGS1484992742_1273749_7C0B35,3,AGS,iOS,1273749,NULL,1273749_1000,890,890,TWD,710,2017/1/21 09:59
A_AGS1484992844_1254116_0D475E,3,AGS,iOS,1254116,NULL,1254116_1000,590,590,TWD,0,2017/1/21 10:00
A_AGS1484992903_1299496_4F0644,3,AGS,iOS,1299496,NULL,1299496_1000,590,590,TWD,0,2017/1/21 10:01
A_AGS1484993042_1299496_ED7394,3,AGS,iOS,1299496,NULL,1299496_1000,590,590,TWD,460,2017/1/21 10:04
A_AGS1484993074_1246631_53D5E2,3,AGS,iOS,1246631,NULL,1246631_1000,590,590,TWD,0,2017/1/21 10:04
A_AGS1484993145_1298751_705242,3,AGS,iOS,1298751,NULL,1298751_1000,590,590,TWD,0,2017/1/21 10:05
A_AGS1484993336_1297503_64AD2B,3,AGS,iOS,1297503,NULL,1297503_1000,890,890,TWD,710,2017/1/21 10:08
A_AGS1484993492_1247417_DCA91E,3,AGS,iOS,1247417,NULL,1247417_1000,890,890,TWD,710,2017/1/21 10:11
A_AGS1484993655_1291238_2739CA,3,AGS,iOS,1291238,NULL,1291238_1000,890,890,TWD,710,2017/1/21 10:14
A_AGS1484993690_1247134_9BBAA8,3,AGS,iOS,1247134,NULL,1247134_1000,150,150,TWD,110,2017/1/21 10:14
A_AGS1484993779_1251064_B42E2C,3,AGS,iOS,1251064,NULL,1251064_1000,590,590,TWD,0,2017/1/21 10:16
A_AGS1484993902_1251064_3BC13A,3,AGS,iOS,1251064,NULL,1251064_1000,890,890,TWD,710,2017/1/21 10:18
A_AGS1484994164_1251964_AFD4F7,3,AGS,iOS,1251964,NULL,1251964_1000,2990,2990,TWD,2550,2017/1/21 10:22
A_AGS1484994211_1251964_76F121,3,AGS,iOS,1251964,NULL,1251964_1000,590,590,TWD,0,2017/1/21 10:23
A_AGS1484994307_1299548_7793B8,3,AGS,iOS,1299548,NULL,1299548_1000,590,590,TWD,460,2017/1/21 10:25
A_AGS1484994356_1299548_959AB5,3,AGS,iOS,1299548,NULL,1299548_1000,590,590,TWD,0,2017/1/21 10:25
A_AGS1484994390_1299917_F90B12,3,AGS,iOS,1299917,NULL,1299917_1000,590,590,TWD,0,2017/1/21 10:26
A_AGS1484994475_1299917_567284,3,AGS,iOS,1299917,NULL,1299917_1000,590,590,TWD,0,2017/1/21 10:27
A_AGS1484994512_1272480_1BEC6F,3,AGS,iOS,1272480,NULL,1272480_1000,590,590,TWD,0,2017/1/21 10:28
A_AGS1484994724_1272480_52DFE3,3,AGS,iOS,1272480,NULL,1272480_1000,590,590,TWD,0,2017/1/21 10:32
A_AGS1484994761_1251964_0B6CFD,3,AGS,iOS,1251964,NULL,1251964_1000,590,590,TWD,0,2017/1/21 10:32
A_AGS1484994763_1260511_580D6E,3,AGS,iOS,1260511,NULL,1260511_1000,590,590,TWD,0,2017/1/21 10:32
A_AGS1484994827_1251964_B89471,3,AGS,iOS,1251964,NULL,1251964_1000,590,590,TWD,0,2017/1/21 10:33
A_AGS1484994932_1260511_F8498F,3,AGS,iOS,1260511,NULL,1260511_1000,590,590,TWD,460,2017/1/21 10:35
A_AGS1484995081_1271284_07055D,3,AGS,iOS,1271284,NULL,1271284_1000,590,590,TWD,0,2017/1/21 10:38
A_AGS1484995215_1271284_16B027,3,AGS,iOS,1271284,NULL,1271284_1000,590,590,TWD,0,2017/1/21 10:40
A_AGS1484995455_1300078_65B8E2,3,AGS,iOS,1300078,NULL,1300078_1000,590,590,TWD,0,2017/1/21 10:44
A_AGS1484995498_1300078_436C60,3,AGS,iOS,1300078,NULL,1300078_1000,590,590,TWD,0,2017/1/21 10:44
A_AGS1484995502_1205688_43A7E6,3,AGS,iOS,1205688,NULL,1205688_1000,590,590,TWD,0,2017/1/21 10:45
A_AGS1484995600_1205688_AD44AA,3,AGS,iOS,1205688,NULL,1205688_1000,590,590,TWD,0,2017/1/21 10:46
A_AGS1484995837_1293768_173E0D,3,AGS,iOS,1293768,NULL,1293768_1000,890,890,TWD,710,2017/1/21 10:50
A_AGS1484995965_1246832_2B4576,3,AGS,iOS,1246832,NULL,1246832_1000,590,590,TWD,0,2017/1/21 10:52
A_AGS1484996057_1249361_8CE235,3,AGS,iOS,1249361,NULL,1249361_1000,150,150,TWD,110,2017/1/21 10:54
A_AGS1484996483_1290256_D930CB,3,AGS,iOS,1290256,NULL,1290256_1000,590,590,TWD,0,2017/1/21 11:01
A_AGS1484996591_1290256_27443C,3,AGS,iOS,1290256,NULL,1290256_1000,590,590,TWD,0,2017/1/21 11:03
A_AGS1484996625_1299834_F5CEF6,3,AGS,iOS,1299834,NULL,1299834_1000,150,150,TWD,110,2017/1/21 11:03
A_AGS1484997038_1269414_068154,3,AGS,iOS,1269414,NULL,1269414_1000,590,590,TWD,0,2017/1/21 11:10
A_AGS1484997099_1269414_D7D4BD,3,AGS,iOS,1269414,NULL,1269414_1000,890,890,TWD,710,2017/1/21 11:11
A_AGS1484997623_1256374_4E634F,3,AGS,iOS,1256374,NULL,1256374_1000,590,590,TWD,0,2017/1/21 11:20
A_AGS1484997720_1291199_944CEB,3,AGS,iOS,1291199,NULL,1291199_1000,890,890,TWD,710,2017/1/21 11:22
A_AGS1484997853_1291199_D68EC8,3,AGS,iOS,1291199,NULL,1291199_1000,890,890,TWD,710,2017/1/21 11:24
A_AGS1484997914_1256374_ACE630,3,AGS,iOS,1256374,NULL,1256374_1000,590,590,TWD,0,2017/1/21 11:25
A_AGS1484998693_1290981_FD3357,3,AGS,iOS,1290981,NULL,1290981_1000,890,890,TWD,710,2017/1/21 11:38
A_AGS1484998756_1281911_9CFFF2,3,AGS,iOS,1281911,NULL,1281911_1000,890,890,TWD,710,2017/1/21 11:39
A_AGS1484999287_1272149_B08C01,3,AGS,iOS,1272149,NULL,1272149_1000,590,590,TWD,0,2017/1/21 11:48
A_AGS1484999914_1276816_61226D,3,AGS,iOS,1276816,NULL,1276816_1000,590,590,TWD,0,2017/1/21 11:58
A_AGS1485000142_1192320_2953B0,3,AGS,iOS,1192320,NULL,1192320_1000,590,590,TWD,0,2017/1/21 12:02
A_AGS1485000444_1269414_35DB1C,3,AGS,iOS,1269414,NULL,1269414_1000,300,300,TWD,225,2017/1/21 12:07
A_AGS1485001019_1248977_79943A,3,AGS,iOS,1248977,NULL,1248977_1000,590,590,TWD,0,2017/1/21 12:17
A_AGS1485001091_1301946_1E5D64,3,AGS,iOS,1301946,NULL,1301946_1000,590,590,TWD,0,2017/1/21 12:18
A_AGS1485001163_1301946_616B7C,3,AGS,iOS,1301946,NULL,1301946_1000,590,590,TWD,460,2017/1/21 12:19
A_AGS1485001255_1248977_F28A4E,3,AGS,iOS,1248977,NULL,1248977_1000,590,590,TWD,0,2017/1/21 12:20
A_AGS1485001375_1298991_A5DCFD,3,AGS,iOS,1298991,NULL,1298991_1000,590,590,TWD,0,2017/1/21 12:22
A_AGS1485002338_1251243_C82E87,3,AGS,iOS,1251243,NULL,1251243_1000,590,590,TWD,0,2017/1/21 12:38
A_AGS1485002375_1251243_B66DCD,3,AGS,iOS,1251243,NULL,1251243_1000,590,590,TWD,460,2017/1/21 12:39
A_AGS1485002478_1301120_39E626,3,AGS,iOS,1301120,NULL,1301120_1000,590,590,TWD,0,2017/1/21 12:41
A_AGS1485002563_1301120_43FEB4,3,AGS,iOS,1301120,NULL,1301120_1000,590,590,TWD,0,2017/1/21 12:42
A_AGS1485002744_1302186_0089EB,3,AGS,iOS,1302186,NULL,1302186_1000,890,890,TWD,710,2017/1/21 12:45
A_AGS1485003063_1298991_D3F7EB,3,AGS,iOS,1298991,NULL,1298991_1000,300,300,TWD,225,2017/1/21 12:51
A_AGS1485004510_1295656_C2B6DF,3,AGS,iOS,1295656,NULL,1295656_1000,300,300,TWD,225,2017/1/21 13:15
A_AGS1485004972_1298118_6CE104,3,AGS,iOS,1298118,NULL,1298118_1000,590,590,TWD,0,2017/1/21 13:22
A_AGS1485005639_1270651_280E04,3,AGS,iOS,1270651,NULL,1270651_1000,300,300,TWD,225,2017/1/21 13:33
A_AGS1485005662_1296806_E324D3,3,AGS,iOS,1296806,NULL,1296806_1000,300,300,TWD,225,2017/1/21 13:34
A_AGS1485005973_1296806_AC6237,3,AGS,iOS,1296806,NULL,1296806_1000,590,590,TWD,0,2017/1/21 13:39
A_AGS1485006055_1296806_B030AB,3,AGS,iOS,1296806,NULL,1296806_1000,150,150,TWD,110,2017/1/21 13:40
A_AGS1485006137_1278312_021B7C,3,AGS,iOS,1278312,NULL,1278312_1000,590,590,TWD,0,2017/1/21 13:42
A_AGS1485006283_1278312_1B8C96,3,AGS,iOS,1278312,NULL,1278312_1000,590,590,TWD,0,2017/1/21 13:44
A_AGS1485006526_1297096_89F4EE,3,AGS,iOS,1297096,NULL,1297096_1000,590,590,TWD,0,2017/1/21 13:48
A_AGS1485006541_1271416_9BFECE,3,AGS,iOS,1271416,NULL,1271416_1000,590,590,TWD,0,2017/1/21 13:49
A_AGS1485006647_1297096_765338,3,AGS,iOS,1297096,NULL,1297096_1000,590,590,TWD,460,2017/1/21 13:50
A_AGS1485006650_1246698_537A85,3,AGS,iOS,1246698,NULL,1246698_1000,590,590,TWD,0,2017/1/21 13:50
A_AGS1485006666_1250860_F0816C,3,AGS,iOS,1250860,NULL,1250860_1000,590,590,TWD,0,2017/1/21 13:51
A_AGS1485006742_1276816_3B33C9,3,AGS,iOS,1276816,NULL,1276816_1000,590,590,TWD,460,2017/1/21 13:52
A_AGS1485006774_1250860_EABD0C,3,AGS,iOS,1250860,NULL,1250860_1000,590,590,TWD,460,2017/1/21 13:52
A_AGS1485007172_1293426_4B97DB,3,AGS,iOS,1293426,NULL,1293426_1000,590,590,TWD,460,2017/1/21 13:59
A_AGS1485007274_1291083_C7D916,3,AGS,iOS,1291083,NULL,1291083_1000,150,150,TWD,110,2017/1/21 14:01
A_AGS1485007381_1291083_7AC504,3,AGS,iOS,1291083,NULL,1291083_1000,590,590,TWD,0,2017/1/21 14:03
A_AGS1485007453_1291083_B17FF4,3,AGS,iOS,1291083,NULL,1291083_1000,300,300,TWD,225,2017/1/21 14:04
A_AGS1485007580_1285949_153FB2,3,AGS,iOS,1285949,NULL,1285949_1000,890,890,TWD,710,2017/1/21 14:06
A_AGS1485008325_1250385_567DA9,3,AGS,iOS,1250385,NULL,1250385_1000,890,890,TWD,710,2017/1/21 14:18
A_AGS1485008369_1250385_C921E3,3,AGS,iOS,1250385,NULL,1250385_1000,590,590,TWD,0,2017/1/21 14:19
A_AGS1485008451_1301340_C97341,3,AGS,iOS,1301340,NULL,1301340_1000,2990,2990,TWD,2550,2017/1/21 14:20
A_AGS1485008597_1304170_DE683D,3,AGS,iOS,1304170,NULL,1304170_1000,890,890,TWD,710,2017/1/21 14:23
A_AGS1485008686_1300640_F0A643,3,AGS,iOS,1300640,NULL,1300640_1000,890,890,TWD,710,2017/1/21 14:24
A_AGS1485008862_1300640_59D88F,3,AGS,iOS,1300640,NULL,1300640_1000,590,590,TWD,0,2017/1/21 14:27
A_AGS1485009057_1180453_7D6161,3,AGS,iOS,1180453,NULL,1180453_1000,300,300,TWD,225,2017/1/21 14:30
A_AGS1485009296_1301340_535B47,3,AGS,iOS,1301340,NULL,1301340_1000,590,590,TWD,0,2017/1/21 14:34
A_AGS1485009334_1251884_BF61EE,3,AGS,iOS,1251884,NULL,1251884_1000,1790,1790,TWD,1475,2017/1/21 14:35
A_AGS1485009657_1251884_EDAFD3,3,AGS,iOS,1251884,NULL,1251884_1000,890,890,TWD,710,2017/1/21 14:40
A_AGS1485010402_1274363_3297B4,3,AGS,iOS,1274363,NULL,1274363_1000,590,590,TWD,0,2017/1/21 14:53
A_AGS1485010468_1274363_740A26,3,AGS,iOS,1274363,NULL,1274363_1000,300,300,TWD,225,2017/1/21 14:54
A_AGS1485010581_1274363_477219,3,AGS,iOS,1274363,NULL,1274363_1000,150,,TWD,110,2017/1/21 14:56
A_AGS1485010963_1290290_9A2AB5,3,AGS,iOS,1290290,NULL,1290290_1000,890,890,TWD,710,2017/1/21 15:02
A_AGS1485011317_1285666_0E9C77,3,AGS,iOS,1285666,NULL,1285666_1000,150,150,TWD,110,2017/1/21 15:08
A_AGS1485011367_1285666_87222A,3,AGS,iOS,1285666,NULL,1285666_1000,590,590,TWD,460,2017/1/21 15:09
A_AGS1485012006_1291766_54D75D,3,AGS,iOS,1291766,NULL,1291766_1000,590,590,TWD,0,2017/1/21 15:20
A_AGS1485012794_1299094_5263B4,3,AGS,iOS,1299094,NULL,1299094_1000,890,890,TWD,710,2017/1/21 15:33
A_AGS1485014171_1248675_0F08B4,3,AGS,iOS,1248675,NULL,1248675_1000,890,890,TWD,710,2017/1/21 15:56
A_AGS1485014521_1262837_AB5B2B,3,AGS,iOS,1262837,NULL,1262837_1000,890,890,TWD,710,2017/1/21 16:02
A_AGS1485014601_1293914_928D9F,3,AGS,iOS,1293914,NULL,1293914_1000,890,890,TWD,710,2017/1/21 16:03
A_AGS1485014690_1280800_E918DF,3,AGS,iOS,1280800,NULL,1280800_1000,590,590,TWD,0,2017/1/21 16:04
A_AGS1485014793_1251964_C878CC,3,AGS,iOS,1251964,NULL,1251964_1000,2990,2990,TWD,2550,2017/1/21 16:06
A_AGS1485014958_1296759_96EFEE,3,AGS,iOS,1296759,NULL,1296759_1000,590,590,TWD,0,2017/1/21 16:09
A_AGS1485015086_1296759_3F35BC,3,AGS,iOS,1296759,NULL,1296759_1000,300,300,TWD,225,2017/1/21 16:11
A_AGS1485015119_1296759_D86F6B,3,AGS,iOS,1296759,NULL,1296759_1000,150,150,TWD,110,2017/1/21 16:12
A_AGS1485015314_1277503_8F31D1,3,AGS,iOS,1277503,NULL,1277503_1000,590,590,TWD,0,2017/1/21 16:15
A_AGS1485015513_1277503_31C58C,3,AGS,iOS,1277503,NULL,1277503_1000,590,590,TWD,0,2017/1/21 16:18
A_AGS1485015863_1257215_CE7717,3,AGS,iOS,1257215,NULL,1257215_1000,150,150,TWD,110,2017/1/21 16:24
A_AGS1485016203_1281736_1D1540,3,AGS,iOS,1281736,NULL,1281736_1000,590,590,TWD,0,2017/1/21 16:30
A_AGS1485016304_1281736_079642,3,AGS,iOS,1281736,NULL,1281736_1000,300,300,TWD,225,2017/1/21 16:31
A_AGS1485016640_1281736_2DCFC1,3,AGS,iOS,1281736,NULL,1281736_1000,150,150,TWD,110,2017/1/21 16:37
A_AGS1485016932_1282394_3F4710,3,AGS,iOS,1282394,NULL,1282394_1000,890,890,TWD,710,2017/1/21 16:42
A_AGS1485018195_1300684_BD1842,3,AGS,iOS,1300684,NULL,1300684_1000,590,590,TWD,0,2017/1/21 17:03
A_AGS1485018264_1300684_FA2C1A,3,AGS,iOS,1300684,NULL,1300684_1000,590,590,TWD,460,2017/1/21 17:04
A_AGS1485018512_1306975_8A097B,3,AGS,iOS,1306975,NULL,1306975_1000,590,590,TWD,0,2017/1/21 17:08
A_AGS1485018769_1191693_071EFA,3,AGS,iOS,1191693,NULL,1191693_1000,590,590,TWD,0,2017/1/21 17:12
A_AGS1485018827_1306975_0B013D,3,AGS,iOS,1306975,NULL,1306975_1000,590,590,TWD,460,2017/1/21 17:13
A_AGS1485018897_1271350_04DA09,3,AGS,iOS,1271350,NULL,1271350_1000,890,890,TWD,710,2017/1/21 17:14
A_AGS1485019030_1262425_B9D0F8,3,AGS,iOS,1262425,NULL,1262425_1000,590,590,TWD,0,2017/1/21 17:17
A_AGS1485019074_1271416_9D2BA0,3,AGS,iOS,1271416,NULL,1271416_1000,300,300,TWD,225,2017/1/21 17:17
A_AGS1485019149_1271416_48B0BB,3,AGS,iOS,1271416,NULL,1271416_1000,150,150,TWD,110,2017/1/21 17:19
A_AGS1485019197_1246645_B59320,3,AGS,iOS,1246645,NULL,1246645_1000,890,890,TWD,710,2017/1/21 17:19
A_AGS1485020216_1306853_755B07,3,AGS,iOS,1306853,NULL,1306853_1000,590,590,TWD,0,2017/1/21 17:36
A_AGS1485020330_1306853_B8D77E,3,AGS,iOS,1306853,NULL,1306853_1000,2990,2990,TWD,2550,2017/1/21 17:38
A_AGS1485020332_1289569_71DA7E,3,AGS,iOS,1289569,NULL,1289569_1000,150,150,TWD,110,2017/1/21 17:38
A_AGS1485021802_1270104_080970,3,AGS,iOS,1270104,NULL,1270104_1000,890,890,TWD,710,2017/1/21 18:03
A_AGS1485021852_1279461_45AD93,3,AGS,iOS,1279461,NULL,1279461_1000,890,890,TWD,710,2017/1/21 18:04
A_AGS1485022156_1262425_189D18,3,AGS,iOS,1262425,NULL,1262425_1000,590,590,TWD,460,2017/1/21 18:09
A_AGS1485022253_1288950_5B002F,3,AGS,iOS,1288950,NULL,1288950_1000,590,590,TWD,0,2017/1/21 18:10
A_AGS1485022300_1288950_7B2981,3,AGS,iOS,1288950,NULL,1288950_1000,590,590,TWD,0,2017/1/21 18:11
A_AGS1485022402_1249365_20292A,3,AGS,iOS,1249365,NULL,1249365_1000,590,590,TWD,0,2017/1/21 18:13
A_AGS1485022645_1291690_E8482B,3,AGS,iOS,1291690,NULL,1291690_1000,590,590,TWD,0,2017/1/21 18:17
A_AGS1485022851_1291690_43C28C,3,AGS,iOS,1291690,NULL,1291690_1000,590,590,TWD,0,2017/1/21 18:20
A_AGS1485023634_1307908_A4C243,3,AGS,iOS,1307908,NULL,1307908_1000,890,890,TWD,710,2017/1/21 18:33
A_AGS1485023928_1300623_CA4AAD,3,AGS,iOS,1300623,NULL,1300623_1000,150,150,TWD,110,2017/1/21 18:38
A_AGS1485024043_1300623_CDB9E9,3,AGS,iOS,1300623,NULL,1300623_1000,590,590,TWD,460,2017/1/21 18:40
A_AGS1485024599_1308291_54FC4A,3,AGS,iOS,1308291,NULL,1308291_1000,590,590,TWD,0,2017/1/21 18:49
A_AGS1485024636_1275538_0E0A53,3,AGS,iOS,1275538,NULL,1275538_1000,890,890,TWD,710,2017/1/21 18:50
A_AGS1485024662_1308291_AB7C4C,3,AGS,iOS,1308291,NULL,1308291_1000,590,590,TWD,0,2017/1/21 18:51
A_AGS1485024775_1301571_668D6B,3,AGS,iOS,1301571,NULL,1301571_1000,590,590,TWD,0,2017/1/21 18:52
A_AGS1485024820_1301571_5BFA41,3,AGS,iOS,1301571,NULL,1301571_1000,590,590,TWD,0,2017/1/21 18:53
A_AGS1485025149_1249611_2D8A6D,3,AGS,iOS,1249611,NULL,1249611_1000,590,590,TWD,0,2017/1/21 18:59
A_AGS1485025274_1298780_FE38BE,3,AGS,iOS,1298780,NULL,1298780_1000,590,590,TWD,0,2017/1/21 19:01
A_AGS1485025350_1298780_FA2F3C,3,AGS,iOS,1298780,NULL,1298780_1000,590,590,TWD,0,2017/1/21 19:02
A_AGS1485025622_1284902_B6B35D,3,AGS,iOS,1284902,NULL,1284902_1000,590,590,TWD,0,2017/1/21 19:07
A_AGS1485025647_1284902_A6929C,3,AGS,iOS,1284902,NULL,1284902_1000,590,590,TWD,0,2017/1/21 19:07
A_AGS1485025662_1308291_97A77D,3,AGS,iOS,1308291,NULL,1308291_1000,590,590,TWD,0,2017/1/21 19:07
A_AGS1485025675_1291486_2FC7D0,3,AGS,iOS,1291486,NULL,1291486_1000,590,590,TWD,0,2017/1/21 19:07
A_AGS1485025773_1269920_090F1C,3,AGS,iOS,1269920,NULL,1269920_1000,590,590,TWD,0,2017/1/21 19:09
A_AGS1485025852_1291486_732E0B,3,AGS,iOS,1291486,NULL,1291486_1000,590,590,TWD,0,2017/1/21 19:10
A_AGS1485026068_1304430_033E3C,3,AGS,iOS,1304430,NULL,1304430_1000,590,590,TWD,0,2017/1/21 19:14
A_AGS1485026139_1308291_76026D,3,AGS,iOS,1308291,NULL,1308291_1000,1790,1790,TWD,1475,2017/1/21 19:15
A_AGS1485026193_1304430_33C57F,3,AGS,iOS,1304430,NULL,1304430_1000,590,590,TWD,0,2017/1/21 19:16
A_AGS1485026403_1248867_3518CE,3,AGS,iOS,1248867,NULL,1248867_1000,590,590,TWD,0,2017/1/21 19:20
A_AGS1485026458_1248867_2F3DA8,3,AGS,iOS,1248867,NULL,1248867_1000,590,590,TWD,460,2017/1/21 19:20
A_AGS1485027007_1248449_AC7C91,3,AGS,iOS,1248449,NULL,1248449_1000,590,590,TWD,0,2017/1/21 19:30
A_AGS1485027471_1272149_2B9972,3,AGS,iOS,1272149,NULL,1272149_1000,590,590,TWD,460,2017/1/21 19:37
A_AGS1485027579_1216631_2D8F69,3,AGS,iOS,1216631,NULL,1216631_1000,590,590,TWD,0,2017/1/21 19:39
A_AGS1485027690_1216631_41941D,3,AGS,iOS,1216631,NULL,1216631_1000,150,150,TWD,110,2017/1/21 19:41
A_AGS1485027875_1301288_063952,3,AGS,iOS,1301288,NULL,1301288_1000,890,890,TWD,710,2017/1/21 19:44
A_AGS1485028074_1290605_263C6C,3,AGS,iOS,1290605,NULL,1290605_1000,590,590,TWD,0,2017/1/21 19:47
A_AGS1485028210_1250557_7E9320,3,AGS,iOS,1250557,NULL,1250557_1000,590,590,TWD,0,2017/1/21 19:50
A_AGS1485028259_1290605_140A6B,3,AGS,iOS,1290605,NULL,1290605_1000,300,300,TWD,225,2017/1/21 19:51
A_AGS1485028273_1253544_9B9337,3,AGS,iOS,1253544,NULL,1253544_1000,590,590,TWD,0,2017/1/21 19:51
A_AGS1485028294_1290605_F509AC,3,AGS,iOS,1290605,NULL,1290605_1000,150,150,TWD,110,2017/1/21 19:51
A_AGS1485028345_1250557_0027C4,3,AGS,iOS,1250557,NULL,1250557_1000,590,590,TWD,0,2017/1/21 19:52
A_AGS1485028393_1304007_FDC69C,3,AGS,iOS,1304007,NULL,1304007_1000,590,590,TWD,0,2017/1/21 19:53
A_AGS1485028490_1304007_9C6D97,3,AGS,iOS,1304007,NULL,1304007_1000,300,300,TWD,225,2017/1/21 19:54
A_AGS1485028514_1304007_15DD9E,3,AGS,iOS,1304007,NULL,1304007_1000,150,150,TWD,110,2017/1/21 19:55
A_AGS1485028542_1253544_D603F2,3,AGS,iOS,1253544,NULL,1253544_1000,590,590,TWD,0,2017/1/21 19:55
A_AGS1485029111_1213824_08E02F,3,AGS,iOS,1213824,NULL,1213824_1000,590,590,TWD,0,2017/1/21 20:05
A_AGS1485029346_1246941_2E7203,3,AGS,iOS,1246941,NULL,1246941_1000,890,890,TWD,710,2017/1/21 20:09
A_AGS1485029516_1247276_C63790,3,AGS,iOS,1247276,NULL,1247276_1000,2990,2990,TWD,2550,2017/1/21 20:11
A_AGS1485030054_1307908_0413A4,3,AGS,iOS,1307908,NULL,1307908_1000,590,590,TWD,0,2017/1/21 20:20
A_AGS1485030591_1282394_523BDA,3,AGS,iOS,1282394,NULL,1282394_1000,150,150,TWD,110,2017/1/21 20:29
A_AGS1485031833_1268933_99A2B2,3,AGS,iOS,1268933,NULL,1268933_1000,890,890,TWD,710,2017/1/21 20:50
A_AGS1485032485_1259577_7808D6,3,AGS,iOS,1259577,NULL,1259577_1000,590,590,TWD,0,2017/1/21 21:01
A_AGS1485032605_1259577_7871C6,3,AGS,iOS,1259577,NULL,1259577_1000,590,590,TWD,460,2017/1/21 21:03
A_AGS1485032855_1306125_8D55CB,3,AGS,iOS,1306125,NULL,1306125_1000,890,890,TWD,710,2017/1/21 21:07
A_AGS1485033011_1280604_631ACB,3,AGS,iOS,1280604,NULL,1280604_1000,890,890,TWD,710,2017/1/21 21:10
A_AGS1485033095_1310676_9D052B,3,AGS,iOS,1310676,NULL,1310676_1000,300,300,TWD,225,2017/1/21 21:11
A_AGS1485033185_1310676_C249C6,3,AGS,iOS,1310676,NULL,1310676_1000,590,590,TWD,460,2017/1/21 21:13
A_AGS1485033918_1296710_AF6E94,3,AGS,iOS,1296710,NULL,1296710_1000,890,890,TWD,710,2017/1/21 21:25
A_AGS1485034116_1274958_09A558,3,AGS,iOS,1274958,NULL,1274958_1000,1790,1790,TWD,1475,2017/1/21 21:28
A_AGS1485034189_1311139_41A5B3,3,AGS,iOS,1311139,NULL,1311139_1000,890,890,TWD,710,2017/1/21 21:29
A_AGS1485034413_1309782_00FCD6,3,AGS,iOS,1309782,NULL,1309782_1000,890,890,TWD,710,2017/1/21 21:33
A_AGS1485034491_1296710_A5DE9E,3,AGS,iOS,1296710,NULL,1296710_1000,590,590,TWD,0,2017/1/21 21:34
A_AGS1485035311_1281702_E93AD6,3,AGS,iOS,1281702,NULL,1281702_1000,1790,1790,TWD,1475,2017/1/21 21:48
A_AGS1485035420_1311373_611C9D,3,AGS,iOS,1311373,NULL,1311373_1000,150,150,TWD,110,2017/1/21 21:50
A_AGS1485035456_1290871_C8BEF5,3,AGS,iOS,1290871,NULL,1290871_1000,590,590,TWD,0,2017/1/21 21:50
A_AGS1485035511_1268773_3FC8CE,3,AGS,iOS,1268773,NULL,1268773_1000,590,590,TWD,0,2017/1/21 21:51
A_AGS1485035536_1268773_FD4B08,3,AGS,iOS,1268773,NULL,1268773_1000,890,890,TWD,710,2017/1/21 21:52
A_AGS1485035570_1247056_3CDD80,3,AGS,iOS,1247056,NULL,1247056_1000,590,590,TWD,0,2017/1/21 21:52
A_AGS1485035669_1247056_68F2CF,3,AGS,iOS,1247056,NULL,1247056_1000,300,300,TWD,225,2017/1/21 21:54
A_AGS1485035687_1290871_5CA8DF,3,AGS,iOS,1290871,NULL,1290871_1000,590,590,TWD,0,2017/1/21 21:54
A_AGS1485035729_1247056_64CE2A,3,AGS,iOS,1247056,NULL,1247056_1000,150,150,TWD,110,2017/1/21 21:55
A_AGS1485035932_1282394_C019FB,3,AGS,iOS,1282394,NULL,1282394_1000,150,150,TWD,110,2017/1/21 21:58
A_AGS1485036045_1308966_14BD5D,3,AGS,iOS,1308966,NULL,1308966_1000,590,590,TWD,0,2017/1/21 22:00
A_AGS1485036300_1308966_EE64E5,3,AGS,iOS,1308966,NULL,1308966_1000,590,590,TWD,460,2017/1/21 22:05
A_AGS1485036571_1309128_6FB148,3,AGS,iOS,1309128,NULL,1309128_1000,590,590,TWD,0,2017/1/21 22:09
A_AGS1485036783_1240196_43AFDB,3,AGS,iOS,1240196,NULL,1240196_1000,590,590,TWD,460,2017/1/21 22:13
A_AGS1485037405_1310394_9E0ADD,3,AGS,iOS,1310394,NULL,1310394_1000,890,890,TWD,710,2017/1/21 22:23
A_AGS1485037406_1252445_31CFC1,3,AGS,iOS,1252445,NULL,1252445_1000,890,890,TWD,710,2017/1/21 22:23
A_AGS1485037590_1311896_45822F,3,AGS,iOS,1311896,NULL,1311896_1000,300,300,TWD,225,2017/1/21 22:26
A_AGS1485037658_1311896_E371A6,3,AGS,iOS,1311896,NULL,1311896_1000,890,890,TWD,710,2017/1/21 22:27
A_AGS1485037928_1288205_DAFDB4,3,AGS,iOS,1288205,NULL,1288205_1000,590,590,TWD,0,2017/1/21 22:32
A_AGS1485038041_1270367_E35C12,3,AGS,iOS,1270367,NULL,1270367_1000,590,590,TWD,0,2017/1/21 22:34
A_AGS1485038055_1269770_85C788,3,AGS,iOS,1269770,NULL,1269770_1000,590,590,TWD,0,2017/1/21 22:34
A_AGS1485038087_1270367_D3BFE3,3,AGS,iOS,1270367,NULL,1270367_1000,590,590,TWD,460,2017/1/21 22:34
A_AGS1485038120_1287110_E17BF0,3,AGS,iOS,1287110,NULL,1287110_1000,890,890,TWD,710,2017/1/21 22:35
A_AGS1485038123_1269770_966AE3,3,AGS,iOS,1269770,NULL,1269770_1000,300,300,TWD,225,2017/1/21 22:35
A_AGS1485038193_1269770_36AAFF,3,AGS,iOS,1269770,NULL,1269770_1000,150,150,TWD,110,2017/1/21 22:36
A_AGS1485038510_1288205_BD0061,3,AGS,iOS,1288205,NULL,1288205_1000,590,590,TWD,460,2017/1/21 22:41
A_AGS1485038794_1311798_3DFA62,3,AGS,iOS,1311798,NULL,1311798_1000,590,590,TWD,0,2017/1/21 22:46
A_AGS1485038796_1248209_7E6366,3,AGS,iOS,1248209,NULL,1248209_1000,150,150,TWD,110,2017/1/21 22:46
A_AGS1485039654_1282727_D84CF6,3,AGS,iOS,1282727,NULL,1282727_1000,150,150,TWD,110,2017/1/21 23:00
A_AGS1485039936_1295569_2B631E,3,AGS,iOS,1295569,NULL,1295569_1000,890,890,TWD,710,2017/1/21 23:05
A_AGS1485040168_1290498_120C99,3,AGS,iOS,1290498,NULL,1290498_1000,590,590,TWD,0,2017/1/21 23:09
A_AGS1485040247_1290498_30B9E8,3,AGS,iOS,1290498,NULL,1290498_1000,590,590,TWD,460,2017/1/21 23:10
A_AGS1485040462_1287593_B24870,3,AGS,iOS,1287593,NULL,1287593_1000,590,590,TWD,0,2017/1/21 23:14
A_AGS1485040638_1278787_EC11C1,3,AGS,iOS,1278787,NULL,1278787_1000,590,590,TWD,0,2017/1/21 23:17
A_AGS1485040761_1278787_BF3E3C,3,AGS,iOS,1278787,NULL,1278787_1000,590,590,TWD,0,2017/1/21 23:19
A_AGS1485041198_1275054_9C8D68,3,AGS,iOS,1275054,NULL,1275054_1000,890,890,TWD,710,2017/1/21 23:26
A_AGS1485041273_1299553_770FA5,3,AGS,iOS,1299553,NULL,1299553_1000,590,590,TWD,0,2017/1/21 23:27
A_AGS1485041415_1299347_FE8A07,3,AGS,iOS,1299347,NULL,1299347_1000,890,890,TWD,710,2017/1/21 23:30
A_AGS1485042086_1276119_B655D3,3,AGS,iOS,1276119,NULL,1276119_1000,590,590,TWD,460,2017/1/21 23:41
A_AGS1485042096_1287314_6D8BA5,3,AGS,iOS,1287314,NULL,1287314_1000,150,150,TWD,110,2017/1/21 23:41
A_AGS1485042289_1276119_2DDEBB,3,AGS,iOS,1276119,NULL,1276119_1000,300,300,TWD,225,2017/1/21 23:44
A_AGS1485042294_1313363_D69948,3,AGS,iOS,1313363,NULL,1313363_1000,590,590,TWD,0,2017/1/21 23:44
A_AGS1485042331_1276119_FC0B8C,3,AGS,iOS,1276119,NULL,1276119_1000,150,150,TWD,110,2017/1/21 23:45
A_AGS1485042424_1251735_A5AF47,3,AGS,iOS,1251735,NULL,1251735_1000,890,890,TWD,710,2017/1/21 23:47
A_AGS1485042762_1293644_87CFD9,3,AGS,iOS,1293644,NULL,1293644_1000,590,590,TWD,0,2017/1/21 23:52
A_AGS1485042839_1313363_8F16BC,3,AGS,iOS,1313363,NULL,1313363_1000,590,590,TWD,0,2017/1/21 23:54
A_AGS1485044175_1283279_44C4CA,3,AGS,iOS,1283279,NULL,1283279_1000,590,590,TWD,0,2017/1/22 00:16
A_AGS1485044359_1283279_BB485B,3,AGS,iOS,1283279,NULL,1283279_1000,2990,2990,TWD,2550,2017/1/22 00:19
A_AGS1485044652_1247134_C1BF9D,3,AGS,iOS,1247134,NULL,1247134_1000,2990,2990,TWD,2550,2017/1/22 00:24
A_AGS1485045751_1278541_63BEAF,3,AGS,iOS,1278541,NULL,1278541_1000,590,590,TWD,0,2017/1/22 00:42
A_AGS1485045957_1314316_B8A572,3,AGS,iOS,1314316,NULL,1314316_1000,890,890,TWD,710,2017/1/22 00:45
A_AGS1485046476_1313682_7987EE,3,AGS,iOS,1313682,NULL,1313682_1000,590,590,TWD,0,2017/1/22 00:54
A_AGS1485046835_1314558_78C299,3,AGS,iOS,1314558,NULL,1314558_1000,150,150,TWD,110,2017/1/22 01:00
A_AGS1485047178_1269521_5E0146,3,AGS,iOS,1269521,NULL,1269521_1000,590,590,TWD,0,2017/1/22 01:06
A_AGS1485047243_1274301_55DDFA,3,AGS,iOS,1274301,NULL,1274301_1000,150,150,TWD,110,2017/1/22 01:07
A_AGS1485047263_1313705_1C36C5,3,AGS,iOS,1313705,NULL,1313705_1000,2990,2990,TWD,2550,2017/1/22 01:07
A_AGS1485047356_1269521_DD7A97,3,AGS,iOS,1269521,NULL,1269521_1000,300,300,TWD,225,2017/1/22 01:09
A_AGS1485047400_1269521_B54A94,3,AGS,iOS,1269521,NULL,1269521_1000,150,150,TWD,110,2017/1/22 01:10
A_AGS1485047424_1256683_842EF6,3,AGS,iOS,1256683,NULL,1256683_1000,590,590,TWD,0,2017/1/22 01:10
A_AGS1485047736_1271061_D230A3,3,AGS,iOS,1271061,NULL,1271061_1000,590,590,TWD,460,2017/1/22 01:15
A_AGS1485047769_1271061_F5EDA8,3,AGS,iOS,1271061,NULL,1271061_1000,150,150,TWD,110,2017/1/22 01:16
A_AGS1485048035_1314699_0FF03C,3,AGS,iOS,1314699,NULL,1314699_1000,590,590,TWD,0,2017/1/22 01:20
A_AGS1485048120_1212505_3B1BF8,3,AGS,iOS,1212505,NULL,1212505_1000,590,590,TWD,0,2017/1/22 01:22
A_AGS1485048274_1314726_A60AE1,3,AGS,iOS,1314726,NULL,1314726_1000,890,890,TWD,710,2017/1/22 01:24
A_AGS1485048560_1247508_540764,3,AGS,iOS,1247508,NULL,1247508_1000,590,590,TWD,0,2017/1/22 01:29
A_AGS1485048597_1247508_81CFF1,3,AGS,iOS,1247508,NULL,1247508_1000,590,590,TWD,0,2017/1/22 01:29
A_AGS1485048662_1269288_CB95F0,3,AGS,iOS,1269288,NULL,1269288_1000,590,590,TWD,0,2017/1/22 01:31
A_AGS1485048815_1302062_08CD04,3,AGS,iOS,1302062,NULL,1302062_1000,590,590,TWD,0,2017/1/22 01:33
A_AGS1485048900_1302062_A17A5C,3,AGS,iOS,1302062,NULL,1302062_1000,590,590,TWD,460,2017/1/22 01:35
A_AGS1485049477_1271471_20B7D2,3,AGS,iOS,1271471,NULL,1271471_1000,150,150,TWD,110,2017/1/22 01:44
A_AGS1485050404_1271471_7B0DC7,3,AGS,iOS,1271471,NULL,1271471_1000,590,590,TWD,0,2017/1/22 02:00
A_AGS1485050441_1271471_9F9BF3,3,AGS,iOS,1271471,NULL,1271471_1000,300,300,TWD,225,2017/1/22 02:00
A_AGS1485050518_1269288_49E83E,3,AGS,iOS,1269288,NULL,1269288_1000,590,590,TWD,460,2017/1/22 02:01
A_AGS1485050576_1279372_BAA2F7,3,AGS,iOS,1279372,NULL,1279372_1000,150,150,TWD,110,2017/1/22 02:02
A_AGS1485050802_1258811_172935,3,AGS,iOS,1258811,NULL,1258811_1000,890,890,TWD,710,2017/1/22 02:06
A_AGS1485050982_1286939_2BCABD,3,AGS,iOS,1286939,NULL,1286939_1000,590,590,TWD,0,2017/1/22 02:09
A_AGS1485051058_1286939_2051F6,3,AGS,iOS,1286939,NULL,1286939_1000,590,590,TWD,460,2017/1/22 02:10
A_AGS1485051231_1276466_41DB09,3,AGS,iOS,1276466,NULL,1276466_1000,2990,2990,TWD,2550,2017/1/22 02:13
A_AGS1485052166_1295334_3ADD9F,3,AGS,iOS,1295334,NULL,1295334_1000,590,590,TWD,0,2017/1/22 02:29
A_AGS1485052567_1295334_4A1AB0,3,AGS,iOS,1295334,NULL,1295334_1000,590,590,TWD,460,2017/1/22 02:36
A_AGS1485052903_1276466_DFCC77,3,AGS,iOS,1276466,NULL,1276466_1000,2990,2990,TWD,2550,2017/1/22 02:41
A_AGS1485053005_1247629_B6CBB6,3,AGS,iOS,1247629,NULL,1247629_1000,590,590,TWD,0,2017/1/22 02:43
A_AGS1485053077_1305710_7F1173,3,AGS,iOS,1305710,NULL,1305710_1000,590,590,TWD,0,2017/1/22 02:44
A_AGS1485053153_1305710_A5CB68,3,AGS,iOS,1305710,NULL,1305710_1000,590,590,TWD,0,2017/1/22 02:45
A_AGS1485053456_1295830_2B87D2,3,AGS,iOS,1295830,NULL,1295830_1000,590,590,TWD,0,2017/1/22 02:50
A_AGS1485053696_1315025_060F52,3,AGS,iOS,1315025,NULL,1315025_1000,890,890,TWD,710,2017/1/22 02:54
A_AGS1485053749_1308383_6F43EC,3,AGS,iOS,1308383,NULL,1308383_1000,590,590,TWD,0,2017/1/22 02:55
A_AGS1485053987_1315697_F8B8B7,3,AGS,iOS,1315697,NULL,1315697_1000,150,150,TWD,110,2017/1/22 02:59
A_AGS1485053997_1253260_B16C27,3,AGS,iOS,1253260,NULL,1253260_1000,590,590,TWD,460,2017/1/22 02:59
A_AGS1485054371_1308383_F62C9D,3,AGS,iOS,1308383,NULL,1308383_1000,150,150,TWD,110,2017/1/22 03:06
A_AGS1485054761_1297632_C0009C,3,AGS,iOS,1297632,NULL,1297632_1000,590,590,TWD,0,2017/1/22 03:12
A_AGS1485054836_1297632_B26464,3,AGS,iOS,1297632,NULL,1297632_1000,590,590,TWD,0,2017/1/22 03:13
A_AGS1485055077_1311798_CA21ED,3,AGS,iOS,1311798,NULL,1311798_1000,890,890,TWD,710,2017/1/22 03:17
A_AGS1485055129_1290485_3C7EB2,3,AGS,iOS,1290485,NULL,1290485_1000,890,890,TWD,710,2017/1/22 03:18
A_AGS1485055778_1310676_9F0303,3,AGS,iOS,1310676,NULL,1310676_1000,890,890,TWD,710,2017/1/22 03:29
A_AGS1485056603_1316226_E51D8E,3,AGS,iOS,1316226,NULL,1316226_1000,300,300,TWD,225,2017/1/22 03:43
A_AGS1485056969_1315287_BBE2EE,3,AGS,iOS,1315287,NULL,1315287_1000,890,890,TWD,710,2017/1/22 03:49
A_AGS1485058235_1316448_0180B3,3,AGS,iOS,1316448,NULL,1316448_1000,590,590,TWD,0,2017/1/22 04:10
A_AGS1485058485_1316448_E2B255,3,AGS,iOS,1316448,NULL,1316448_1000,590,590,TWD,0,2017/1/22 04:14
A_AGS1485063183_1316513_1AAA13,3,AGS,iOS,1316513,NULL,1316513_1000,890,890,TWD,710,2017/1/22 05:33
A_AGS1485066943_1297607_0DA25D,3,AGS,iOS,1297607,NULL,1297607_1000,890,890,TWD,710,2017/1/22 06:35
A_AGS1485067385_1297607_EE4752,3,AGS,iOS,1297607,NULL,1297607_1000,590,590,TWD,0,2017/1/22 06:43
A_AGS1485068846_1317611_065840,3,AGS,iOS,1317611,NULL,1317611_1000,890,890,TWD,710,2017/1/22 07:07
A_AGS1485070877_1302186_3EF2E2,3,AGS,iOS,1302186,NULL,1302186_1000,590,590,TWD,0,2017/1/22 07:41
A_AGS1485073180_1290485_83895E,3,AGS,iOS,1290485,NULL,1290485_1000,590,590,TWD,0,2017/1/22 08:19
A_AGS1485073275_1290485_1EB8E9,3,AGS,iOS,1290485,NULL,1290485_1000,590,590,TWD,460,2017/1/22 08:21
A_AGS1485075267_1274115_2294E7,3,AGS,iOS,1274115,NULL,1274115_1000,890,890,TWD,710,2017/1/22 08:54
A_AGS1485075693_1249956_6F39A7,3,AGS,iOS,1249956,NULL,1249956_1000,2990,2990,TWD,2550,2017/1/22 09:01
A_AGS1485076293_1309128_8DE92A,3,AGS,iOS,1309128,NULL,1309128_1000,590,590,TWD,460,2017/1/22 09:11
A_AGS1485076981_1313071_28CDA8,3,AGS,iOS,1313071,NULL,1313071_1000,150,150,TWD,110,2017/1/22 09:23
A_AGS1485077272_1313071_F90478,3,AGS,iOS,1313071,NULL,1313071_1000,890,890,TWD,710,2017/1/22 09:27
A_AGS1485078475_1314097_8DCC6F,3,AGS,iOS,1314097,NULL,1314097_1000,590,590,TWD,0,2017/1/22 09:47
A_AGS1485078582_1314097_FC40D5,3,AGS,iOS,1314097,NULL,1314097_1000,590,590,TWD,0,2017/1/22 09:49
A_AGS1485078796_1246392_6B52B9,3,AGS,iOS,1246392,NULL,1246392_1000,590,590,TWD,0,2017/1/22 09:53
A_AGS1485079090_1289452_C25EA1,3,AGS,iOS,1289452,NULL,1289452_1000,890,890,TWD,710,2017/1/22 09:58
A_AGS1485079268_1289452_0675A3,3,AGS,iOS,1289452,NULL,1289452_1000,590,590,TWD,0,2017/1/22 10:01
A_AGS1485079287_1295205_DFC98D,3,AGS,iOS,1295205,NULL,1295205_1000,590,590,TWD,0,2017/1/22 10:01
A_AGS1485079511_1295205_8322EC,3,AGS,iOS,1295205,NULL,1295205_1000,300,300,TWD,225,2017/1/22 10:05
A_AGS1485079531_1295205_12241E,3,AGS,iOS,1295205,NULL,1295205_1000,150,150,TWD,110,2017/1/22 10:05
A_AGS1485079611_1300078_E12BDC,3,AGS,iOS,1300078,NULL,1300078_1000,150,150,TWD,110,2017/1/22 10:06
A_AGS1485080456_1251629_390202,3,AGS,iOS,1251629,NULL,1251629_1000,590,590,TWD,0,2017/1/22 10:20
A_AGS1485080571_1246985_A02D45,3,AGS,iOS,1246985,NULL,1246985_1000,890,890,TWD,710,2017/1/22 10:22
A_AGS1485080914_1311108_22EDFA,3,AGS,iOS,1311108,NULL,1311108_1000,300,300,TWD,225,2017/1/22 10:28
A_AGS1485081397_1175898_DF0E4B,3,AGS,iOS,1175898,NULL,1175898_1000,890,890,TWD,710,2017/1/22 10:36
A_AGS1485081972_1249734_DC0523,3,AGS,iOS,1249734,NULL,1249734_1000,590,590,TWD,0,2017/1/22 10:46
A_AGS1485081989_1298839_8E4504,3,AGS,iOS,1298839,NULL,1298839_1000,590,590,TWD,0,2017/1/22 10:46
A_AGS1485082060_1297609_DC2402,3,AGS,iOS,1297609,NULL,1297609_1000,590,590,TWD,0,2017/1/22 10:47
A_AGS1485082139_1278221_D55D22,3,AGS,iOS,1278221,NULL,1278221_1000,590,590,TWD,0,2017/1/22 10:48
A_AGS1485082162_1297609_D35F6F,3,AGS,iOS,1297609,NULL,1297609_1000,590,590,TWD,0,2017/1/22 10:49
A_AGS1485082591_1298839_1A446B,3,AGS,iOS,1298839,NULL,1298839_1000,590,590,TWD,460,2017/1/22 10:56
A_AGS1485082695_1318184_25A8AF,3,AGS,iOS,1318184,NULL,1318184_1000,890,890,TWD,710,2017/1/22 10:58
A_AGS1485083775_1298154_D65745,3,AGS,iOS,1298154,NULL,1298154_1000,300,300,TWD,225,2017/1/22 11:16
A_AGS1485084847_1303945_B60BB4,3,AGS,iOS,1303945,NULL,1303945_1000,300,300,TWD,225,2017/1/22 11:34
A_AGS1485084861_1315025_44794B,3,AGS,iOS,1315025,NULL,1315025_1000,590,590,TWD,0,2017/1/22 11:34
A_AGS1485084872_1303518_028525,3,AGS,iOS,1303518,NULL,1303518_1000,150,150,TWD,110,2017/1/22 11:34
A_AGS1485085008_1303945_7B82A1,3,AGS,iOS,1303945,NULL,1303945_1000,590,590,TWD,460,2017/1/22 11:36
A_AGS1485085069_1303945_C5AB2A,3,AGS,iOS,1303945,NULL,1303945_1000,150,150,TWD,110,2017/1/22 11:37
A_AGS1485085974_1174861_2635C2,3,AGS,iOS,1174861,NULL,1174861_1000,590,590,TWD,0,2017/1/22 11:52
A_AGS1485086218_1293318_ACD6D3,3,AGS,iOS,1293318,NULL,1293318_1000,590,590,TWD,0,2017/1/22 11:56
A_AGS1485086381_1293318_8108D1,3,AGS,iOS,1293318,NULL,1293318_1000,590,590,TWD,460,2017/1/22 11:59
A_AGS1485086423_1308373_452CFB,3,AGS,iOS,1308373,NULL,1308373_1000,590,590,TWD,460,2017/1/22 12:00
A_AGS1485087080_1298992_6272FA,3,AGS,iOS,1298992,NULL,1298992_1000,300,300,TWD,225,2017/1/22 12:11
A_AGS1485087182_1298992_D7D83C,3,AGS,iOS,1298992,NULL,1298992_1000,890,890,TWD,710,2017/1/22 12:13
A_AGS1485087358_1319827_604F6D,3,AGS,iOS,1319827,NULL,1319827_1000,890,890,TWD,710,2017/1/22 12:15
A_AGS1485087489_1272649_B994FC,3,AGS,iOS,1272649,NULL,1272649_1000,890,890,TWD,710,2017/1/22 12:18
A_AGS1485087606_1251735_E10CE1,3,AGS,iOS,1251735,NULL,1251735_1000,590,590,TWD,460,2017/1/22 12:20
A_AGS1485088207_1281128_CA3145,3,AGS,iOS,1281128,NULL,1281128_1000,890,890,TWD,710,2017/1/22 12:30
A_AGS1485088330_1281128_380AA6,3,AGS,iOS,1281128,NULL,1281128_1000,590,590,TWD,0,2017/1/22 12:32
A_AGS1485088415_1281128_76234A,3,AGS,iOS,1281128,NULL,1281128_1000,590,590,TWD,460,2017/1/22 12:33
A_AGS1485088509_1249734_C1679A,3,AGS,iOS,1249734,NULL,1249734_1000,150,150,TWD,110,2017/1/22 12:35
A_AGS1485089017_1302347_12DC16,3,AGS,iOS,1302347,NULL,1302347_1000,590,590,TWD,0,2017/1/22 12:43
A_AGS1485089130_1240916_03942A,3,AGS,iOS,1240916,NULL,1240916_1000,590,590,TWD,0,2017/1/22 12:45
A_AGS1485091067_1299496_7B7924,3,AGS,iOS,1299496,NULL,1299496_1000,590,590,TWD,460,2017/1/22 13:17
A_AGS1485091269_1300673_961A0C,3,AGS,iOS,1300673,NULL,1300673_1000,590,590,TWD,0,2017/1/22 13:21
A_AGS1485091522_1249492_F2E1E3,3,AGS,iOS,1249492,NULL,1249492_1000,150,150,TWD,110,2017/1/22 13:25
A_AGS1485091633_1297256_F4F681,3,AGS,iOS,1297256,NULL,1297256_1000,590,590,TWD,0,2017/1/22 13:27
A_AGS1485091717_1297256_42F007,3,AGS,iOS,1297256,NULL,1297256_1000,300,300,TWD,225,2017/1/22 13:28
A_AGS1485091736_1297256_67D456,3,AGS,iOS,1297256,NULL,1297256_1000,150,150,TWD,110,2017/1/22 13:28
A_AGS1485092004_1250479_058BF0,3,AGS,iOS,1250479,NULL,1250479_1000,890,890,TWD,710,2017/1/22 13:33
A_AGS1485092015_1316513_E19655,3,AGS,iOS,1316513,NULL,1316513_1000,590,590,TWD,460,2017/1/22 13:33
A_AGS1485092528_1273104_7992A5,3,AGS,iOS,1273104,NULL,1273104_1000,590,590,TWD,0,2017/1/22 13:42
A_AGS1485092632_1277966_A99A62,3,AGS,iOS,1277966,NULL,1277966_1000,590,590,TWD,460,2017/1/22 13:43
A_AGS1485093165_1273104_14ECC2,3,AGS,iOS,1273104,NULL,1273104_1000,300,300,TWD,225,2017/1/22 13:52
A_AGS1485093196_1273104_2AB6B3,3,AGS,iOS,1273104,NULL,1273104_1000,150,150,TWD,110,2017/1/22 13:53
A_AGS1485093340_1303141_3B0BC6,3,AGS,iOS,1303141,NULL,1303141_1000,150,150,TWD,110,2017/1/22 13:55
A_AGS1485093999_1179170_92D19D,3,AGS,iOS,1179170,NULL,1179170_1000,590,590,TWD,0,2017/1/22 14:06
A_AGS1485094131_1179170_194E64,3,AGS,iOS,1179170,NULL,1179170_1000,590,590,TWD,460,2017/1/22 14:08
A_AGS1485094795_1285666_05064B,3,AGS,iOS,1285666,NULL,1285666_1000,150,150,TWD,110,2017/1/22 14:19
A_AGS1485094999_1322242_5C1D9F,3,AGS,iOS,1322242,NULL,1322242_1000,590,590,TWD,0,2017/1/22 14:23
A_AGS1485095072_1319827_680A38,3,AGS,iOS,1319827,NULL,1319827_1000,590,590,TWD,0,2017/1/22 14:24
A_AGS1485097769_1310248_D471EF,3,AGS,iOS,1310248,NULL,1310248_1000,590,590,TWD,0,2017/1/22 15:09
A_AGS1485098913_1317574_AC2FE3,3,AGS,iOS,1317574,NULL,1317574_1000,150,150,TWD,110,2017/1/22 15:28
A_AGS1485099434_1266336_32F181,3,AGS,iOS,1266336,NULL,1266336_1000,890,890,TWD,710,2017/1/22 15:37
A_AGS1485099814_1299553_5F4DBC,3,AGS,iOS,1299553,NULL,1299553_1000,590,590,TWD,460,2017/1/22 15:43
A_AGS1485100016_1248023_9088AE,3,AGS,iOS,1248023,NULL,1248023_1000,590,590,TWD,0,2017/1/22 15:46
A_AGS1485100080_1254484_7614CC,3,AGS,iOS,1254484,NULL,1254484_1000,590,590,TWD,0,2017/1/22 15:48
A_AGS1485100099_1191784_7A94CE,3,AGS,iOS,1191784,NULL,1191784_1000,590,590,TWD,0,2017/1/22 15:48
A_AGS1485100120_1254484_8631A9,3,AGS,iOS,1254484,NULL,1254484_1000,590,590,TWD,0,2017/1/22 15:48
A_AGS1485100954_1308291_55537B,3,AGS,iOS,1308291,NULL,1308291_1000,890,890,TWD,710,2017/1/22 16:02
A_AGS1485101100_1308291_508B80,3,AGS,iOS,1308291,NULL,1308291_1000,890,890,TWD,710,2017/1/22 16:05
A_AGS1485101158_1308291_B72F63,3,AGS,iOS,1308291,NULL,1308291_1000,890,890,TWD,710,2017/1/22 16:05
A_AGS1485101286_1249337_D53DF8,3,AGS,iOS,1249337,NULL,1249337_1000,590,590,TWD,460,2017/1/22 16:08
A_AGS1485101326_1180453_10F2C2,3,AGS,iOS,1180453,NULL,1180453_1000,590,590,TWD,460,2017/1/22 16:08
A_AGS1485101675_1320240_985538,3,AGS,iOS,1320240,NULL,1320240_1000,590,590,TWD,0,2017/1/22 16:14
A_AGS1485102035_1247213_63EFAC,3,AGS,iOS,1247213,NULL,1247213_1000,590,590,TWD,0,2017/1/22 16:20
A_AGS1485103208_1322292_471B72,3,AGS,iOS,1322292,NULL,1322292_1000,590,590,TWD,0,2017/1/22 16:40
A_AGS1485103424_1322292_EECFC2,3,AGS,iOS,1322292,NULL,1322292_1000,590,590,TWD,460,2017/1/22 16:43
A_AGS1485103859_1310847_9FF088,3,AGS,iOS,1310847,NULL,1310847_1000,150,150,TWD,110,2017/1/22 16:50
A_AGS1485105031_1324594_6A4669,3,AGS,iOS,1324594,NULL,1324594_1000,590,590,TWD,0,2017/1/22 17:10
A_AGS1485105242_1294320_A79277,3,AGS,iOS,1294320,NULL,1294320_1000,890,890,TWD,710,2017/1/22 17:14
A_AGS1485105549_1248023_3FBE12,3,AGS,iOS,1248023,NULL,1248023_1000,590,590,TWD,460,2017/1/22 17:19
A_AGS1485105658_1271967_1D68C9,3,AGS,iOS,1271967,NULL,1271967_1000,590,590,TWD,0,2017/1/22 17:20
A_AGS1485106291_1292945_9BAE9E,3,AGS,iOS,1292945,NULL,1292945_1000,590,590,TWD,0,2017/1/22 17:31
A_AGS1485106298_1298458_B849A2,3,AGS,iOS,1298458,NULL,1298458_1000,2990,2990,TWD,2550,2017/1/22 17:31
A_AGS1485106350_1298458_9291C7,3,AGS,iOS,1298458,NULL,1298458_1000,590,590,TWD,0,2017/1/22 17:32
A_AGS1485106358_1283487_739C45,3,AGS,iOS,1283487,NULL,1283487_1000,890,890,TWD,710,2017/1/22 17:32
A_AGS1485108098_1321732_6A16DB,3,AGS,iOS,1321732,NULL,1321732_1000,590,590,TWD,0,2017/1/22 18:01
A_AGS1485108144_1318085_1C4378,3,AGS,iOS,1318085,NULL,1318085_1000,890,890,TWD,710,2017/1/22 18:02
A_AGS1485108171_1321732_AF60BD,3,AGS,iOS,1321732,NULL,1321732_1000,590,590,TWD,460,2017/1/22 18:02
A_AGS1485109974_1286800_6D2343,3,AGS,iOS,1286800,NULL,1286800_1000,890,890,TWD,710,2017/1/22 18:32
A_AGS1485110369_1286715_927677,3,AGS,iOS,1286715,NULL,1286715_1000,590,590,TWD,0,2017/1/22 18:39
A_AGS1485110468_1286715_D18A75,3,AGS,iOS,1286715,NULL,1286715_1000,590,590,TWD,0,2017/1/22 18:41
A_AGS1485111386_1203278_61536D,3,AGS,iOS,1203278,NULL,1203278_1000,590,590,TWD,0,2017/1/22 18:56
A_AGS1485111737_1285366_7A5E55,3,AGS,iOS,1285366,NULL,1285366_1000,590,590,TWD,0,2017/1/22 19:02
A_AGS1485111758_1288668_72AE6E,3,AGS,iOS,1288668,NULL,1288668_1000,590,590,TWD,0,2017/1/22 19:02
A_AGS1485111989_1246985_3A9B7C,3,AGS,iOS,1246985,NULL,1246985_1000,1790,1790,TWD,1475,2017/1/22 19:06
A_AGS1485112220_1285366_E36302,3,AGS,iOS,1285366,NULL,1285366_1000,300,300,TWD,225,2017/1/22 19:10
A_AGS1485112287_1285366_8648DD,3,AGS,iOS,1285366,NULL,1285366_1000,150,150,TWD,110,2017/1/22 19:11
A_AGS1485112707_1320803_3815D5,3,AGS,iOS,1320803,NULL,1320803_1000,590,590,TWD,0,2017/1/22 19:18
A_AGS1485113452_1240196_62C789,3,AGS,iOS,1240196,NULL,1240196_1000,890,890,TWD,710,2017/1/22 19:30
A_AGS1485114010_1293487_976E12,3,AGS,iOS,1293487,NULL,1293487_1000,590,590,TWD,0,2017/1/22 19:40
A_AGS1485114613_1295168_94A4F6,3,AGS,iOS,1295168,NULL,1295168_1000,590,590,TWD,460,2017/1/22 19:50
A_AGS1485114771_1293487_43A62B,3,AGS,iOS,1293487,NULL,1293487_1000,300,300,TWD,225,2017/1/22 19:52
A_AGS1485115169_1309059_F78D52,3,AGS,iOS,1309059,NULL,1309059_1000,890,890,TWD,710,2017/1/22 19:59
A_AGS1485115646_1325426_42B8C7,3,AGS,iOS,1325426,NULL,1325426_1000,590,590,TWD,460,2017/1/22 20:07
A_AGS1485115698_1325426_850B77,3,AGS,iOS,1325426,NULL,1325426_1000,300,300,TWD,225,2017/1/22 20:08
A_AGS1485115733_1325426_27FA1B,3,AGS,iOS,1325426,NULL,1325426_1000,150,150,TWD,110,2017/1/22 20:08
A_AGS1485116224_1313700_EE0E68,3,AGS,iOS,1313700,NULL,1313700_1000,590,590,TWD,0,2017/1/22 20:17
A_AGS1485116280_1273419_DE85FD,3,AGS,iOS,1273419,NULL,1273419_1000,890,890,TWD,710,2017/1/22 20:18
A_AGS1485116353_1313700_90726E,3,AGS,iOS,1313700,NULL,1313700_1000,590,590,TWD,0,2017/1/22 20:19
A_AGS1485116794_1293487_1A7351,3,AGS,iOS,1293487,NULL,1293487_1000,150,150,TWD,110,2017/1/22 20:26
A_AGS1485117271_1196852_EB886A,3,AGS,iOS,1196852,NULL,1196852_1000,590,590,TWD,0,2017/1/22 20:34
A_AGS1485117369_1176693_2C4692,3,AGS,iOS,1176693,NULL,1176693_1000,590,590,TWD,0,2017/1/22 20:36
A_AGS1485117625_1176693_507018,3,AGS,iOS,1176693,NULL,1176693_1000,590,590,TWD,460,2017/1/22 20:40
A_AGS1485117907_1311914_24BF9C,3,AGS,iOS,1311914,NULL,1311914_1000,890,890,TWD,710,2017/1/22 20:45
A_AGS1485118582_1296710_2273B9,3,AGS,iOS,1296710,NULL,1296710_1000,300,300,TWD,225,2017/1/22 20:56
A_AGS1485118681_1304909_1F06B9,3,AGS,iOS,1304909,NULL,1304909_1000,590,590,TWD,0,2017/1/22 20:58
A_AGS1485118769_1307888_BBC0EB,3,AGS,iOS,1307888,NULL,1307888_1000,590,590,TWD,0,2017/1/22 20:59
A_AGS1485118815_1307888_472E8B,3,AGS,iOS,1307888,NULL,1307888_1000,590,590,TWD,460,2017/1/22 21:00
A_AGS1485119481_1315355_35ADDA,3,AGS,iOS,1315355,NULL,1315355_1000,2990,2990,TWD,2550,2017/1/22 21:11
A_AGS1485120023_1279372_DF138A,3,AGS,iOS,1279372,NULL,1279372_1000,300,300,TWD,225,2017/1/22 21:20
A_AGS1485120403_1311896_256F42,3,AGS,iOS,1311896,NULL,1311896_1000,890,890,TWD,710,2017/1/22 21:26
A_AGS1485120595_1296401_2A743E,3,AGS,iOS,1296401,NULL,1296401_1000,890,890,TWD,710,2017/1/22 21:29
A_AGS1485120853_1328954_6BF1D1,3,AGS,iOS,1328954,NULL,1328954_1000,300,300,TWD,225,2017/1/22 21:34
A_AGS1485121002_1299548_5F7045,3,AGS,iOS,1299548,NULL,1299548_1000,2990,2990,TWD,2550,2017/1/22 21:36
A_AGS1485121055_1328954_B95577,3,AGS,iOS,1328954,NULL,1328954_1000,150,150,TWD,110,2017/1/22 21:37
A_AGS1485122453_1278980_E46F17,3,AGS,iOS,1278980,NULL,1278980_1000,300,300,TWD,225,2017/1/22 22:00
A_AGS1485123042_1275073_AF414E,3,AGS,iOS,1275073,NULL,1275073_1000,890,890,TWD,710,2017/1/22 22:10
A_AGS1485123103_1251818_EFFCD8,3,AGS,iOS,1251818,NULL,1251818_1000,590,590,TWD,0,2017/1/22 22:11
A_AGS1485123116_1297886_62551C,3,AGS,iOS,1297886,NULL,1297886_1000,890,890,TWD,710,2017/1/22 22:11
A_AGS1485124205_1263650_4FDDEA,3,AGS,iOS,1263650,NULL,1263650_1000,590,590,TWD,0,2017/1/22 22:30
A_AGS1485124258_1263650_3F27BE,3,AGS,iOS,1263650,NULL,1263650_1000,590,590,TWD,0,2017/1/22 22:30
A_AGS1485124497_1250368_5C108F,3,AGS,iOS,1250368,NULL,1250368_1000,890,890,TWD,710,2017/1/22 22:34
A_AGS1485125155_1259164_6AAE78,3,AGS,iOS,1259164,NULL,1259164_1000,590,590,TWD,0,2017/1/22 22:45
A_AGS1485125640_1305065_6C0F0E,3,AGS,iOS,1305065,NULL,1305065_1000,890,890,TWD,710,2017/1/22 22:54
A_AGS1485125848_1294348_32EB01,3,AGS,iOS,1294348,NULL,1294348_1000,2990,2990,TWD,2550,2017/1/22 22:57
A_AGS1485127101_1308291_A82D07,3,AGS,iOS,1308291,NULL,1308291_1000,1790,1790,TWD,1475,2017/1/22 23:18
A_AGS1485127321_1308291_3902B0,3,AGS,iOS,1308291,NULL,1308291_1000,890,890,TWD,710,2017/1/22 23:22
A_AGS1485127680_1308291_6E0525,3,AGS,iOS,1308291,NULL,1308291_1000,1790,1790,TWD,1475,2017/1/22 23:28
A_AGS1485130240_1173094_23F7D7,3,AGS,iOS,1173094,NULL,1173094_1000,590,590,TWD,0,2017/1/23 00:10
A_AGS1485130949_1308602_1F303C,3,AGS,iOS,1308602,NULL,1308602_1000,590,590,TWD,0,2017/1/23 00:22
A_AGS1485131111_1317834_FCA4D9,3,AGS,iOS,1317834,NULL,1317834_1000,150,150,TWD,110,2017/1/23 00:25
A_AGS1485131269_1295296_122E01,3,AGS,iOS,1295296,NULL,1295296_1000,890,890,TWD,710,2017/1/23 00:27
A_AGS1485131435_1263778_269B96,3,AGS,iOS,1263778,NULL,1263778_1000,890,890,TWD,710,2017/1/23 00:30
A_AGS1485131634_1286456_BC122F,3,AGS,iOS,1286456,NULL,1286456_1000,150,150,TWD,110,2017/1/23 00:33
A_AGS1485131645_1331144_9209E3,3,AGS,iOS,1331144,NULL,1331144_1000,590,590,TWD,0,2017/1/23 00:34
A_AGS1485131712_1302196_6CBB88,3,AGS,iOS,1302196,NULL,1302196_1000,890,890,TWD,710,2017/1/23 00:35
A_AGS1485132158_1331144_391C28,3,AGS,iOS,1331144,NULL,1331144_1000,300,300,TWD,225,2017/1/23 00:42
A_AGS1485132193_1331144_AC0C0B,3,AGS,iOS,1331144,NULL,1331144_1000,150,150,TWD,110,2017/1/23 00:43
A_AGS1485133261_1292550_2A4696,3,AGS,iOS,1292550,NULL,1292550_1000,890,890,TWD,710,2017/1/23 01:01
A_AGS1485133301_1301154_5174C5,3,AGS,iOS,1301154,NULL,1301154_1000,890,890,TWD,710,2017/1/23 01:01
A_AGS1485133473_1266538_76DB0C,3,AGS,iOS,1266538,NULL,1266538_1000,590,590,TWD,460,2017/1/23 01:04
A_AGS1485133566_1304383_EF1EDB,3,AGS,iOS,1304383,NULL,1304383_1000,890,890,TWD,710,2017/1/23 01:06
A_AGS1485133669_1312477_6C7AD6,3,AGS,iOS,1312477,NULL,1312477_1000,590,590,TWD,0,2017/1/23 01:07
A_AGS1485133699_1266538_27BCC5,3,AGS,iOS,1266538,NULL,1266538_1000,300,300,TWD,225,2017/1/23 01:08
A_AGS1485133733_1312477_E4A1F9,3,AGS,iOS,1312477,NULL,1312477_1000,590,590,TWD,0,2017/1/23 01:08
A_AGS1485133753_1266538_A8C41A,3,AGS,iOS,1266538,NULL,1266538_1000,150,150,TWD,110,2017/1/23 01:09
A_AGS1485133803_1273760_44CA99,3,AGS,iOS,1273760,NULL,1273760_1000,890,890,TWD,710,2017/1/23 01:10
A_AGS1485134158_1250783_BC352A,3,AGS,iOS,1250783,NULL,1250783_1000,590,590,TWD,0,2017/1/23 01:15
A_AGS1485134659_1324332_48ABC8,3,AGS,iOS,1324332,NULL,1324332_1000,590,590,TWD,0,2017/1/23 01:24
A_AGS1485134748_1324332_175C22,3,AGS,iOS,1324332,NULL,1324332_1000,590,590,TWD,0,2017/1/23 01:25
A_AGS1485134959_1309925_95F4FC,3,AGS,iOS,1309925,NULL,1309925_1000,590,590,TWD,0,2017/1/23 01:29
A_AGS1485136221_1291986_CB2E3E,3,AGS,iOS,1291986,NULL,1291986_1000,590,590,TWD,0,2017/1/23 01:50
A_AGS1485136248_1272820_6FF69E,3,AGS,iOS,1272820,NULL,1272820_1000,590,590,TWD,0,2017/1/23 01:50
A_AGS1485136265_1272820_D766AA,3,AGS,iOS,1272820,NULL,1272820_1000,590,590,TWD,0,2017/1/23 01:51
A_AGS1485138334_1305079_1B5FA7,3,AGS,iOS,1305079,NULL,1305079_1000,590,590,TWD,0,2017/1/23 02:25
A_AGS1485138423_1332867_33B6BB,3,AGS,iOS,1332867,NULL,1332867_1000,590,590,TWD,0,2017/1/23 02:27
A_AGS1485138497_1268783_FB7E74,3,AGS,iOS,1268783,NULL,1268783_1000,890,890,TWD,710,2017/1/23 02:28
A_AGS1485139106_1297165_6449FA,3,AGS,iOS,1297165,NULL,1297165_1000,590,590,TWD,0,2017/1/23 02:38
A_AGS1485139249_1297165_E867D5,3,AGS,iOS,1297165,NULL,1297165_1000,590,590,TWD,460,2017/1/23 02:40
A_AGS1485141180_1264650_D10C2A,3,AGS,iOS,1264650,NULL,1264650_1000,590,590,TWD,0,2017/1/23 03:13
A_AGS1485143433_1305714_23C0C8,3,AGS,iOS,1305714,NULL,1305714_1000,300,300,TWD,225,2017/1/23 03:50
A_AGS1485143610_1305714_6DC64C,3,AGS,iOS,1305714,NULL,1305714_1000,890,890,TWD,710,2017/1/23 03:53
A_AGS1485147056_1317574_DB3C1F,3,AGS,iOS,1317574,NULL,1317574_1000,590,590,TWD,460,2017/1/23 04:50
A_AGS1485147104_1317574_D5C962,3,AGS,iOS,1317574,NULL,1317574_1000,150,150,TWD,110,2017/1/23 04:51
A_AGS1485147127_1317574_33E645,3,AGS,iOS,1317574,NULL,1317574_1000,150,150,TWD,110,2017/1/23 04:52
A_AGS1485148577_1302485_25E557,3,AGS,iOS,1302485,NULL,1302485_1000,590,590,TWD,0,2017/1/23 05:16
A_AGS1485148718_1302485_2B950E,3,AGS,iOS,1302485,NULL,1302485_1000,590,590,TWD,460,2017/1/23 05:18
A_AGS1485150866_1295569_17C7F9,3,AGS,iOS,1295569,NULL,1295569_1000,590,590,TWD,0,2017/1/23 05:54
